fuel_frac,ref_mult,core_r,keff,stdv,r_mass,c_mass,p_mass,mass
   0.50659,   0.04338,  32.24641,   1.57346,   0.00074,-154747.43019,1274723.42321,482816.25682,1602792.24984
   0.67617,   0.05415,  16.63476,   1.22644,   0.00074,-20369.97454,223894.18989,68018.03393,271542.24927
   0.86568,   0.03227,  31.51665,   1.81773,   0.00067,-150479.40099,1894355.47265,438789.74926,2182665.82092
   0.22021,   0.02261,  45.02723,   1.35239,   0.00063,-453731.68752,1832745.86703,1249669.59821,2628683.77771
   0.61610,   0.10706,  22.87365,   1.45215,   0.00068,-41110.82732,537067.19689,200135.62048,696091.99005
   0.80742,   0.06987,  36.35774,   1.86118,   0.00069,-199029.36879,2732840.51473,737194.33544,3271005.48138
   0.68326,   0.11236,  42.69663,   1.86972,   0.00063,-259241.55487,3820513.90816,1317509.99713,4878782.35043
   0.73670,   0.01519,  18.82137,   1.37947,   0.00073,-33960.95443,349582.35028,89614.36302,405235.75887
   0.20182,   0.14875,  34.00645,   1.16111,   0.00065,-101671.42649,744207.79663,722338.94817,1364875.31832
   0.83500,   0.00335,  48.48064,   1.96555,   0.00066,-602424.04853,6676188.93909,1487103.93912,7560868.82968
   0.70598,   0.06650,  24.86638,   1.58167,   0.00076,-64621.59238,776592.37673,233975.66659,945946.45094
   0.24818,   0.05826,  43.42643,   1.40730,   0.00069,-356396.38461,1787637.96003,1222074.50704,2653316.08246
   0.84671,   0.03838,  13.89796,   1.21453,   0.00060,-12621.88738,159250.38016,38189.03861,184817.53139
   0.45910,   0.13210,  33.71175,   1.57537,   0.00075,-112343.90029,1342536.07136,678099.33239,1908291.50346
   0.35528,   0.02129,  26.44395,   1.21041,   0.00063,-92316.25010,527710.16784,252312.51841,687706.43615
   0.71114,   0.14947,  13.29880,   1.08520,   0.00061,-6044.85614,119553.71339,43269.93989,156778.79714
   0.70444,   0.03773,  25.98802,   1.60362,   0.00076,-82722.95002,884798.45807,249299.07633,1051374.58438
   0.44627,   0.06196,  37.63861,   1.61512,   0.00071,-228492.26565,1825598.94380,802710.77076,2399817.44891
   0.79205,   0.04260,  47.74306,   1.95154,   0.00069,-503718.06351,6083277.30997,1564050.13959,7143609.38605
   0.60293,   0.10489,  17.41898,   1.20852,   0.00069,-18380.67778,232826.12691,87948.40237,302393.85151
   0.93243,   0.10924,  15.72999,   1.40478,   0.00073,-13203.17546,251794.59070,65413.53349,304004.94873
   0.69453,   0.02917,  27.07766,   1.62245,   0.00071,-96478.78457,988499.28965,276175.05479,1168195.55986
   0.31365,   0.10983,  37.22831,   1.44038,   0.00067,-174429.76641,1337874.44985,868335.03492,2031779.71836
   0.37101,   0.03492,  36.83775,   1.49589,   0.00069,-238022.78133,1475838.11718,705207.55161,1943022.88746
   0.77138,   0.08501,  19.57397,   1.45898,   0.00075,-28945.35735,409510.35269,119191.40105,499756.39638
   0.58720,   0.07749,  46.57641,   1.84702,   0.00069,-404210.86313,4351469.47662,1577876.88088,5525135.49436
   0.79524,   0.06892,  48.21044,   1.95528,   0.00061,-465984.49820,6286077.21153,1714907.59392,7535000.30724
   0.84858,   0.14536,  48.39341,   1.97897,   0.00070,-301103.39730,6736627.51944,2066109.72991,8501633.85205
   0.67101,   0.12196,  15.86967,   1.20018,   0.00073,-12544.28080,193108.26412,69141.42741,249705.41073
   0.71394,   0.10322,  46.96199,   1.91727,   0.00058,-363568.96537,5282766.75062,1716863.45908,6636061.24433
   0.83358,   0.08731,  18.99480,   1.48271,   0.00067,-26153.31071,400929.28232,109505.87293,484281.84455
   0.21164,   0.05195,  45.07843,   1.34710,   0.00063,-408946.43047,1789823.86331,1346461.39007,2727338.82291
   0.91162,   0.09527,  11.31612,   1.09142,   0.00063,-5309.77875,91857.13053,23585.14446,110132.49624
   0.75296,   0.02942,  11.00507,   0.92154,   0.00050,-6471.38807,71241.02091,18552.17174,83321.80459
   0.28574,   0.03432,  23.64471,   0.99638,   0.00064,-63078.12776,319653.14154,186211.26136,442786.27514
   0.36061,   0.06131,  17.09682,   0.86711,   0.00054,-21473.59494,144282.69228,75116.20353,197925.30087
   0.80542,   0.08607,  42.05276,   1.91697,   0.00071,-285540.59506,4219385.52570,1184851.13053,5118696.06118
   0.83231,   0.14450,  20.81709,   1.56304,   0.00072,-24130.12888,527026.84739,164144.27607,667040.99459
   0.90385,   0.02033,  21.16415,   1.59735,   0.00070,-47478.14742,596314.00024,129043.47358,677879.32639
   0.78656,   0.00890,  16.20641,   1.29122,   0.00065,-22120.73855,236475.91514,56325.85366,270681.03026
   0.39354,   0.13734,  12.07282,   0.65658,   0.00053,-4969.56729,54433.67274,31511.41135,80975.51680
   0.43587,   0.10904,  23.06788,   1.25279,   0.00065,-41688.90523,412271.32424,206208.67009,576791.08910
   0.63934,   0.08707,  38.98604,   1.80157,   0.00066,-226394.99235,2745459.77704,946276.81595,3465341.60064
   0.38947,   0.04303,  38.80742,   1.56032,   0.00065,-270083.19076,1793045.61449,840843.49035,2363805.91408
   0.85952,   0.03594,  47.37804,   1.97019,   0.00065,-504509.61757,6394315.07858,1503991.79060,7393797.25160
   0.54034,   0.02722,  31.06649,   1.58004,   0.00068,-146695.51662,1203244.89635,415103.60966,1471652.98939
   0.57107,   0.02878,  13.69417,   0.93640,   0.00061,-12496.73143,108002.49602,35689.81216,131195.57675
   0.47908,   0.07766,  34.46469,   1.59877,   0.00069,-163640.04503,1485753.36921,639545.27608,1961658.60026
   0.64031,   0.09798,  39.45716,   1.80891,   0.00067,-221884.99956,2849930.83979,1006095.79178,3634141.63201
   0.75585,   0.00684,  15.07128,   1.20053,   0.00068,-17905.33300,183599.27111,45068.18780,210762.12591
   0.43885,   0.09269,  37.57680,   1.61251,   0.00079,-197045.93210,1791952.95858,858447.97856,2453355.00504
   0.69236,   0.07870,  10.56892,   0.84493,   0.00053,-4696.22237,58620.26067,18488.35805,72412.39635
   0.54778,   0.10641,  10.64507,   0.72110,   0.00050,-4159.15481,48970.88419,20142.69061,64954.41999
   0.74982,   0.12909,  21.79794,   1.53356,   0.00070,-31008.98145,551565.62444,182079.49008,702636.13307
   0.44330,   0.02461,  38.90263,   1.62147,   0.00066,-290647.47518,2004815.32867,809914.51775,2524082.37124
   0.92124,   0.12621,  12.96169,   1.23045,   0.00069,-6647.45143,139352.34448,38035.13334,170740.02639
   0.53372,   0.14505,  33.16278,   1.64140,   0.00069,-97134.44972,1448502.12037,664429.22559,2015796.89624
   0.64607,   0.05587,  15.58151,   1.13859,   0.00064,-16624.50591,176868.42428,56129.09362,216373.01198
   0.38557,   0.03633,  45.59854,   1.65124,   0.00061,-449134.50576,2885539.02837,1342079.89030,3778484.41291
   0.33362,   0.14354,  10.55023,   0.49220,   0.00037,-3164.76588,31918.69587,21321.87439,50075.80438
   0.91624,   0.05381,  40.30008,   1.94053,   0.00070,-290036.11459,4167889.57387,966360.19426,4844213.65355
   0.56639,   0.02191,  20.60488,   1.28809,   0.00067,-43581.94452,365341.34895,119545.27609,441304.68052
   0.40769,   0.03192,  23.54049,   1.20035,   0.00065,-62783.10219,415104.83720,182688.97967,535010.71467
   0.93164,   0.05813,  11.14954,   1.08414,   0.00060,-6034.96078,89598.22439,20676.24200,104239.50561
   0.93400,   0.12537,  12.87654,   1.23337,   0.00070,-6553.71932,138330.58411,37219.92062,168996.78541
   0.70883,   0.14036,  13.42050,   1.08870,   0.00065,-6674.81289,122516.25345,43578.57350,159420.01406
   0.40414,   0.09191,  21.45137,   1.13978,   0.00060,-36805.55880,311910.54653,159417.20846,434522.19618
   0.89079,   0.03519,  46.39322,   1.97435,   0.00068,-474984.95951,6199405.31015,1409568.77864,7133989.12927
   0.25008,   0.07176,  18.62406,   0.75148,   0.00050,-26527.28842,141775.61515,99529.01249,214777.33923
   0.76536,   0.06150,  47.51062,   1.93956,   0.00065,-460451.68600,5815545.19171,1612708.25490,6967801.76060
   0.35686,   0.12943,  32.71101,   1.42190,   0.00059,-104547.61649,1002309.27185,615783.97842,1513545.63378
   0.24079,   0.00176,  41.60330,   1.33067,   0.00072,-382541.82548,1538475.77786,936034.89144,2091968.84382
   0.20364,   0.10543,  26.58862,   0.95041,   0.00055,-65171.70816,357854.94415,313173.20830,605856.44429
   0.85021,   0.01077,  16.48266,   1.35936,   0.00067,-23134.50373,266631.56947,59531.64040,303028.70613
   0.81504,   0.13490,  35.84374,   1.86394,   0.00063,-132380.38562,2640551.10599,820187.35652,3328358.07689
   0.68659,   0.04567,  18.93353,   1.34786,   0.00071,-31052.07676,334562.72842,98272.15852,401782.81018
   0.62602,   0.04951,  10.95358,   0.80597,   0.00047,-5923.88855,59794.72362,19205.00345,73075.83851
   0.57997,   0.13100,  34.35375,   1.70047,   0.00066,-119800.19152,1727702.93651,715814.00656,2323716.75154
   0.79804,   0.02059,  46.53038,   1.94091,   0.00061,-504109.33738,5669205.21237,1372212.53560,6537308.41060
   0.34772,   0.12580,  46.10262,   1.63204,   0.00068,-299937.27034,2749951.28113,1709919.45167,4159933.46246
   0.82183,   0.12588,  26.17589,   1.70527,   0.00069,-54869.04626,1036021.81139,313026.78444,1294179.54958
   0.81057,   0.01029,  39.19099,   1.88540,   0.00067,-311455.98004,3434686.25601,799294.49434,3922524.77031
   0.38243,   0.12952,  35.25333,   1.51275,   0.00071,-130787.17701,1324827.00391,770965.22870,1965005.05560
   0.70239,   0.01721,  31.69952,   1.72453,   0.00067,-161185.22540,1601677.24642,430279.08371,1870771.10474
   0.60627,   0.06210,  13.11993,   0.94620,   0.00062,-9671.83419,99957.63323,34009.27197,124295.07101
   0.48756,   0.13815,  12.64528,   0.80527,   0.00051,-5676.57871,74459.46257,36275.40760,105058.29146
   0.51058,   0.14833,  22.27911,   1.32975,   0.00073,-28687.79485,423166.57313,202930.31522,597409.09350
   0.26679,   0.05078,  40.68357,   1.39659,   0.00063,-302014.87336,1548359.63282,987021.82416,2233366.58362
   0.62832,   0.01170,  43.02695,   1.82960,   0.00070,-410314.80354,3635715.94269,1061427.41709,4286828.55624
   0.52345,   0.10079,  20.40897,   1.25775,   0.00065,-30242.74485,332151.67826,140131.22745,442040.16086
   0.52502,   0.14603,  12.95496,   0.87119,   0.00055,-5745.86909,85167.32525,39696.15237,119117.60853
   0.52938,   0.14091,  42.09729,   1.76948,   0.00069,-205158.03900,2942692.74792,1346670.44402,4084205.15294
   0.69885,   0.00964,  27.65140,   1.63553,   0.00065,-109617.54638,1058397.86192,280283.74434,1229064.05988
   0.27063,   0.08918,  39.70843,   1.40183,   0.00072,-236708.39311,1454732.62749,1004774.25633,2222798.49071
   0.63108,   0.04102,  35.51255,   1.74142,   0.00062,-208532.00513,2051896.38559,641220.10377,2484584.48423
   0.29645,   0.13015,  31.78675,   1.30276,   0.00062,-95460.66181,798180.23690,565962.10639,1268681.68148
   0.90685,   0.07724,  40.93113,   1.94341,   0.00072,-274647.46157,4326426.04552,1070241.28445,5122019.86840
   0.40313,   0.12237,  45.34296,   1.68919,   0.00072,-291827.05709,2939842.54622,1614234.83165,4262250.32078
   0.23461,   0.04698,  11.99989,   0.41995,   0.00042,-7865.76352,36249.06969,25097.88586,53481.19204
   0.88022,   0.10767,  27.00909,   1.75430,   0.00070,-67446.87351,1210207.41921,329954.32490,1472714.87059
   0.67079,   0.02108,  49.01755,   1.90503,   0.00061,-588381.62546,5688899.64446,1606165.14409,6706683.16309
   0.37851,   0.08169,  40.86251,   1.58964,   0.00071,-267599.89522,2046406.53903,1076017.31320,2854823.95701
   0.91712,   0.13930,  45.45656,   1.98199,   0.00076,-261444.27682,5986373.69900,1689392.94825,7414322.37042
   0.80122,   0.13400,  15.32855,   1.28754,   0.00067,-10420.33342,203399.79240,64017.91553,256997.37451
   0.65743,   0.06755,  31.33618,   1.69571,   0.00071,-128734.31680,1460563.03230,469407.19127,1801235.90677
   0.58375,   0.06926,  26.26758,   1.51473,   0.00061,-75258.86469,776627.86970,277604.35608,978973.36109
   0.40190,   0.08244,  43.29228,   1.65272,   0.00068,-317089.17456,2552487.83610,1281847.24720,3517245.90874
   0.59497,   0.05018,  38.54204,   1.75896,   0.00076,-257395.68215,2493578.78080,838008.85713,3074191.95578
   0.94302,   0.10017,  48.90629,   2.00523,   0.00065,-417559.35563,7645154.76440,1925512.84917,9153108.25793
   0.34150,   0.05352,  30.35090,   1.31326,   0.00062,-124037.88193,773733.14969,412510.23927,1062205.50703
   0.58207,   0.06040,  23.91519,   1.44041,   0.00069,-58997.76019,584663.94784,205149.02066,730815.20830
   0.64207,   0.05782,  32.59788,   1.70522,   0.00068,-151016.99826,1610853.13417,516354.46208,1976190.59799
   0.45964,   0.08133,  29.08760,   1.46032,   0.00073,-96689.85490,863225.95207,387795.24017,1154331.33735
   0.37270,   0.07079,  15.97623,   0.83168,   0.00066,-16818.02099,120819.48411,62683.99656,166685.45968
   0.72291,   0.06575,  46.72524,   1.91628,   0.00068,-430133.89281,5260594.16703,1549589.31797,6380049.59218
   0.53731,   0.09926,  27.35093,   1.50605,   0.00072,-73397.34418,817211.95278,336092.53777,1079907.14637
   0.78851,   0.09135,  40.76440,   1.90041,   0.00074,-253299.92192,3771580.76503,1092571.12042,4610851.96354
   0.39202,   0.12290,  29.72677,   1.40062,   0.00073,-81950.53631,810112.41595,455407.66359,1183569.54323
   0.89611,   0.09515,  27.45825,   1.77189,   0.00065,-75905.91272,1292202.14526,336855.83044,1553152.06298
   0.69602,   0.10282,  22.76004,   1.51828,   0.00070,-41479.16483,588133.17016,195261.47355,741915.47888
   0.59083,   0.05563,  27.81137,   1.55934,   0.00068,-94626.03083,931306.66687,318990.42340,1155671.05944
   0.29198,   0.05341,  31.84524,   1.26335,   0.00068,-143339.08422,793550.57682,476364.38699,1126575.87959
   0.89388,   0.13318,  19.60336,   1.55795,   0.00067,-21922.84107,469169.83236,133657.16837,580904.15966
   0.24738,   0.00579,  36.01174,   1.23926,   0.00070,-245062.34946,1017069.82248,613218.11027,1385225.58328
   0.26102,   0.02592,  44.30512,   1.43402,   0.00068,-427411.39863,1968316.68492,1200214.83153,2741120.11781
   0.56059,   0.09073,  44.35823,   1.81154,   0.00071,-327405.30683,3613400.24000,1405739.82779,4691734.76097
   0.80974,   0.14792,  21.40463,   1.56990,   0.00073,-25525.48857,559056.09973,179796.96324,713327.57440
   0.59450,   0.01663,  10.43320,   0.72764,   0.00047,-5757.63023,49428.59673,15318.72447,58989.69097
   0.22150,   0.07969,  14.75917,   0.53271,   0.00041,-12729.78408,64804.74441,50466.00496,102540.96530
   0.53042,   0.08105,  17.93223,   1.14486,   0.00063,-22685.03550,227825.43576,90802.43265,295942.83290
   0.90825,   0.14917,  42.42303,   1.95876,   0.00067,-196709.45432,4823657.88025,1403672.47142,6030620.89734
   0.23072,   0.08633,  25.77114,   0.97811,   0.00056,-65634.01321,354888.61468,272862.58482,562117.18630
   0.55795,   0.02440,  20.76825,   1.28607,   0.00069,-44252.71808,369364.24247,123162.42713,448273.95152
   0.73230,   0.13662,  42.28368,   1.89117,   0.00073,-214633.71435,3942983.43265,1351641.65547,5079991.37376
   0.22981,   0.03277,  10.38872,   0.33722,   0.00032,-5379.85667,23183.58946,15734.44760,33538.18039
   0.83991,   0.01464,  28.58547,   1.74938,   0.00075,-119188.79807,1375730.66076,313522.63341,1570064.49610
   0.44083,   0.12682,  21.00773,   1.18679,   0.00067,-28186.39295,314266.02215,162156.41203,448236.04123
   0.77402,   0.01587,  19.36003,   1.43391,   0.00072,-36879.51439,397428.96140,97695.00127,458244.44828
   0.26852,   0.09178,  30.02962,   1.18730,   0.00072,-101038.51239,625614.01922,437208.71334,961784.22017
   0.47092,   0.14234,  31.41634,   1.54507,   0.00080,-84343.42485,1109508.02597,561497.42502,1586662.02614
   0.66774,   0.08675,  24.57771,   1.54723,   0.00068,-56813.51281,714292.96750,236914.57982,894394.03450
   0.81774,   0.06505,  37.45569,   1.87530,   0.00071,-222234.61357,3021949.80805,796884.45154,3596599.64602
   0.75970,   0.01882,  37.75574,   1.84340,   0.00070,-270904.13746,2899465.05844,729905.30975,3358466.23074
   0.54395,   0.07446,  29.48331,   1.56149,   0.00071,-103967.54069,1034299.95750,397387.91089,1327720.32770
   0.70094,   0.02239,  13.58960,   1.06000,   0.00072,-12482.89560,125965.47764,34336.39515,147818.97718
   0.67798,   0.04854,  47.19052,   1.89796,   0.00071,-475496.81732,5123519.33783,1532140.61837,6180163.13887
   0.24351,   0.06626,  29.99116,   1.12178,   0.00070,-113493.59925,580947.81562,410266.55844,877720.77480
   0.92451,   0.02738,  40.97848,   1.94711,   0.00068,-336486.46422,4417588.40714,953054.09652,5034156.03944
   0.60199,   0.12268,  30.73947,   1.65002,   0.00069,-90743.58330,1277824.62251,503304.07522,1690385.11442
   0.82568,   0.13803,  48.58337,   1.97285,   0.00068,-322217.62896,6651761.84904,2056712.34599,8386256.56607
   0.71641,   0.09585,  25.53821,   1.61413,   0.00075,-60845.87906,852136.16456,271455.75497,1062746.04047
   0.68802,   0.13549,  14.90649,   1.16200,   0.00070,-9481.24893,163567.73899,59070.74408,213157.23413
   0.69133,   0.01767,  37.30496,   1.80225,   0.00082,-262308.04367,2574488.12708,702077.62273,3014257.70614
   0.82906,   0.03700,  33.02674,   1.82283,   0.00071,-170240.08037,2097265.20065,510774.31778,2437799.43807
   0.73378,   0.12362,  33.82483,   1.79416,   0.00079,-120166.80851,2022015.61312,672001.38441,2573850.18902
   0.37634,   0.03943,  20.91671,   1.05565,   0.00062,-42861.84371,273227.58576,130518.03633,360883.77838
   0.51862,   0.14112,  16.98864,   1.10263,   0.00067,-13462.00077,190095.81080,88547.80786,265181.61789
   0.59831,   0.10418,  48.64404,   1.87226,   0.00071,-401894.38709,5037200.94716,1912237.10062,6547543.66069
   0.83704,   0.11833,  49.32163,   1.97859,   0.00065,-385333.11560,7045018.29913,2058628.07584,8718313.25937
   0.65553,   0.04874,  15.24786,   1.12715,   0.00068,-16027.71671,167848.95042,51709.42542,203530.65914
   0.93010,   0.05893,  15.42347,   1.37608,   0.00064,-15922.63741,236824.37232,54837.13478,275738.86968
   0.21478,   0.11946,  19.68905,   0.74242,   0.00055,-24340.10463,150636.07934,131296.16821,257592.14291
   0.51584,   0.14313,  40.57191,   1.73957,   0.00068,-180556.77317,2577616.85084,1211491.10143,3608551.17910
   0.52001,   0.10374,  36.79637,   1.68386,   0.00070,-174383.46857,1935913.95833,826855.15155,2588385.64131
   0.78166,   0.00270,  26.66168,   1.66967,   0.00072,-100396.74552,1047086.20944,246940.81342,1193630.27735
   0.33665,   0.11203,  34.68624,   1.42871,   0.00069,-139266.76244,1142229.49758,705859.48041,1708822.21555
   0.67547,   0.11363,  46.18989,   1.89655,   0.00063,-325735.67559,4788971.22362,1672899.33165,6136134.87968
   0.40945,   0.08856,  35.62043,   1.54145,   0.00071,-171401.18964,1443148.91777,724256.62045,1996004.34858
   0.71825,   0.05304,  11.65649,   0.94642,   0.00058,-7040.07702,81211.60954,23341.27293,97512.80545
   0.46163,   0.03045,  23.13202,   1.26230,   0.00072,-59881.27545,435694.67872,172722.65757,548536.06084
   0.78032,   0.07517,  43.18433,   1.91477,   0.00073,-325640.51700,4442609.10822,1250803.40623,5367771.99746
   0.65368,   0.11162,  15.67172,   1.16911,   0.00066,-12876.00968,181793.05939,65041.52821,233958.57792
   0.72756,   0.08829,  25.27283,   1.61505,   0.00066,-61300.56391,837121.69504,258514.07763,1034335.20877
   0.32262,   0.05860,  37.93392,   1.45092,   0.00069,-237216.35154,1446073.68971,815211.47073,2024068.80890
   0.29408,   0.04236,  49.51946,   1.57276,   0.00066,-562569.77313,2999769.88782,1744198.31205,4181398.42673
   0.61223,   0.05983,  42.54862,   1.82294,   0.00072,-333044.78171,3438157.82298,1153759.85365,4258872.89492
   0.52771,   0.02335,  10.72465,   0.68535,   0.00049,-6115.57473,48526.44817,16916.42016,59327.29360
   0.74751,   0.05053,  41.22402,   1.87926,   0.00083,-314521.34343,3720661.65678,1026266.61509,4432406.92845
   0.81824,   0.01617,  14.04629,   1.19404,   0.00068,-14071.09203,159461.17738,37338.87475,182728.96009
   0.83001,   0.03720,  42.95129,   1.92956,   0.00060,-374176.46491,4617729.72002,1124013.02478,5367566.27989
   0.21547,   0.10301,  49.84723,   1.44498,   0.00063,-435287.97302,2449785.29716,2052154.36887,4066651.69301
   0.53785,   0.02175,  48.82798,   1.82576,   0.00073,-580277.70404,4653632.61425,1590221.18311,5663576.09331
   0.37784,   0.04136,  37.39763,   1.51815,   0.00069,-243224.99796,1566537.74250,749464.12905,2072776.87359
   0.27858,   0.03914,  27.72849,   1.11737,   0.00069,-99961.89604,505969.00141,303853.34133,709860.44671
   0.33916,   0.12834,  32.88745,   1.39929,   0.00071,-107040.17319,979175.58470,624270.65871,1496406.07022
   0.54885,   0.01957,  10.13271,   0.66261,   0.00044,-5223.54313,42304.42749,14135.04891,51215.93327
   0.29476,   0.04600,  22.07211,   0.96235,   0.00064,-49133.54648,266097.05517,155816.13961,372779.64830
   0.91465,   0.09110,  49.39337,   2.00060,   0.00068,-451181.70113,7661692.64972,1942499.25521,9153010.20380
   0.33593,   0.08460,  20.65616,   0.99776,   0.00064,-34084.73465,240831.92017,139940.04253,346687.22805
   0.25472,   0.08928,  49.22129,   1.51519,   0.00071,-450615.43753,2651871.87900,1914168.47072,4115424.91219
   0.34462,   0.01246,  30.98423,   1.31701,   0.00074,-152849.75423,829001.55602,397108.79599,1073260.59778
   0.57910,   0.07567,  18.04145,   1.20468,   0.00065,-23690.70277,249922.15444,91313.46256,317544.91422
   0.21723,   0.06315,  41.84880,   1.31411,   0.00057,-312487.50935,1457701.06161,1106456.68526,2251670.23752
   0.54139,   0.03013,  14.29991,   0.94163,   0.00056,-14162.45582,117540.82040,40772.68338,144151.04795
   0.39883,   0.00465,  44.17001,   1.64008,   0.00069,-453786.53892,2694334.17957,1128312.63591,3368860.27656
   0.69753,   0.11995,  26.84284,   1.63884,   0.00072,-61488.08860,966640.61584,333077.34473,1238229.87197
   0.94838,   0.12344,  12.49581,   1.21449,   0.00065,-6065.68394,128177.22133,33867.25861,155978.79601
   0.66195,   0.10402,  25.07779,   1.56050,   0.00069,-55116.20964,753066.35181,261915.52427,959865.66644
   0.73937,   0.06843,  23.48783,   1.56760,   0.00068,-54002.29565,681565.63429,198081.30288,825644.64151
   0.86153,   0.11542,  45.78077,   1.96613,   0.00062,-313738.41323,5781234.44728,1635483.75784,7102979.79189
   0.47289,   0.05719,  19.76013,   1.15129,   0.00063,-33724.86216,277030.92857,114840.97177,358147.03817
   0.84405,   0.08530,  20.20346,   1.53760,   0.00071,-31783.61681,487846.26509,131153.18184,587215.83013
   0.77752,   0.01346,  30.57721,   1.74998,   0.00065,-146434.86819,1572064.36847,382610.98443,1808240.48470
   0.80166,   0.00232,  14.63990,   1.21229,   0.00066,-16640.74631,177285.49188,40844.32933,201489.07490
   0.63639,   0.01088,  34.27980,   1.72038,   0.00071,-208037.54412,1858946.94122,535672.59164,2186581.98874
   0.77269,   0.10094,  44.67786,   1.92550,   0.00063,-317014.65006,4877051.90349,1470613.54082,6030650.79425
   0.89547,   0.04019,  21.28189,   1.60043,   0.00065,-45019.30771,601261.60281,137727.30950,693969.60460
   0.57532,   0.14342,  26.39512,   1.52945,   0.00073,-49605.70902,778283.88832,333806.43921,1062484.61851
   0.55165,   0.12433,  19.22219,   1.24492,   0.00069,-21951.87292,290059.51910,123528.68677,391636.33294
   0.23757,   0.08059,  26.11118,   1.00224,   0.00061,-70188.42157,376761.27805,280031.56944,586604.42592
   0.62520,   0.04392,  26.49121,   1.55350,   0.00073,-85624.29419,844908.58687,268045.81950,1027330.11217
   0.31694,   0.00609,  41.35334,   1.47919,   0.00070,-370743.29846,1848269.52355,929264.62417,2406790.84926
   0.87425,   0.06717,  21.96776,   1.61555,   0.00066,-44425.56270,647194.07658,161576.67634,764345.19022
   0.71245,   0.08049,  35.00067,   1.79345,   0.00070,-169130.16319,2183007.94822,674302.87075,2688180.65578
   0.57409,   0.12866,  21.61480,   1.36902,   0.00074,-30322.60544,426608.58188,177357.07087,573643.04732
   0.56330,   0.00553,  44.79438,   1.80187,   0.00068,-472023.27288,3736296.72753,1179428.26127,4443701.71591
   0.64909,   0.12979,  16.09609,   1.19372,   0.00075,-12425.73282,195765.71615,73427.53944,256767.52277
   0.53535,   0.11382,  47.77908,   1.82902,   0.00064,-360115.22673,4343049.13547,1852380.29300,5835314.20174
   0.60913,   0.04724,  29.35159,   1.61114,   0.00070,-114992.09930,1123751.90531,367512.31158,1376272.11758
   0.36521,   0.12405,  25.19406,   1.22915,   0.00062,-49516.89472,466311.96257,277958.07957,694753.14742
   0.76253,   0.14639,  35.30789,   1.83411,   0.00073,-115988.69560,2379092.13821,804270.54318,3067373.98579
   0.79343,   0.04826,  49.69314,   1.96199,   0.00068,-555834.73537,6870168.08932,1787851.46297,8102184.81691
   0.76865,   0.14139,  38.13319,   1.86902,   0.00073,-151932.61629,3018388.52155,1002010.83222,3868466.73748
   0.80303,   0.11436,  42.33338,   1.91968,   0.00070,-249667.54843,4293059.57118,1290028.09431,5333420.11706
   0.90977,   0.09648,  47.55349,   1.99029,   0.00065,-391527.87803,6804128.12689,1755118.73556,8167718.98442
   0.64366,   0.08277,  13.98843,   1.04741,   0.00061,-10679.91384,127562.74381,43275.92949,160158.75946
   0.39740,   0.06266,  11.44343,   0.60194,   0.00048,-6402.57688,46718.75666,22596.90420,62913.08399
   0.87805,   0.02389,  33.26052,   1.84504,   0.00070,-182087.50627,2255041.93043,505268.27487,2578222.69904
   0.65230,   0.02677,  25.31190,   1.53987,   0.00079,-79467.40035,764549.90492,224272.34955,909354.85412
   0.62011,   0.00736,  35.39395,   1.72463,   0.00067,-231535.11605,2000937.54004,584479.76786,2353882.19186
   0.60999,   0.11903,  47.20869,   1.86948,   0.00071,-336424.63238,4681315.47524,1808092.02526,6152982.86812
   0.33174,   0.03661,  42.81329,   1.53955,   0.00070,-371379.01986,2123780.87741,1111620.67418,2864022.53174
   0.55858,   0.09455,  33.11038,   1.65334,   0.00065,-133509.54599,1498176.67301,589814.98505,1954482.11207
   0.84501,   0.08433,  32.14682,   1.82427,   0.00069,-128645.96290,1967256.54087,527149.69942,2365760.27739
   0.52691,   0.08349,  15.03473,   0.98578,   0.00056,-13214.13439,133525.07687,53821.53309,174132.47558
   0.57313,   0.11575,  48.76615,   1.86199,   0.00078,-378441.67793,4892296.10454,1978235.62978,6492090.05638
   0.30738,   0.04091,  27.93511,   1.18193,   0.00059,-101544.49816,556695.68057,312030.59040,767181.77282
   0.90082,   0.10511,  23.00703,   1.66907,   0.00064,-42299.69430,763733.23847,202749.80521,924183.34937
   0.78462,   0.04519,  45.41171,   1.93194,   0.00072,-429236.44942,5191334.82908,1354369.14625,6116467.52590
   0.40700,   0.06440,  41.50748,   1.63051,   0.00073,-303283.00667,2272479.70851,1082809.49325,3052006.19508
   0.82384,   0.03570,  28.84708,   1.74805,   0.00075,-113978.06790,1389682.99016,339286.48201,1614991.40427
   0.54348,   0.14072,  33.44197,   1.65754,   0.00076,-102997.55721,1508262.01358,674824.30736,2080088.76373
   0.25605,   0.07156,  16.70303,   0.67847,   0.00050,-19153.34305,104016.78012,71764.18359,156627.62066
   0.25906,   0.10841,  18.10136,   0.76029,   0.00053,-20216.91415,133507.15263,99492.95273,212783.19122
   0.44825,   0.12064,  33.59578,   1.55685,   0.00070,-120021.81524,1302954.56513,654021.79132,1836954.54121
   0.94556,   0.08398,  39.81620,   1.94804,   0.00069,-244850.00922,4135494.20150,1000794.54932,4891438.74160
   0.41651,   0.01905,  23.72005,   1.21403,   0.00066,-67124.83681,432050.54229,181096.74586,546022.45134
   0.81455,   0.09620,  12.28428,   1.08988,   0.00066,-6759.38736,106235.81859,30236.23797,129712.66920
   0.32128,   0.04780,  31.95518,   1.31690,   0.00063,-148066.10078,861693.32738,474881.97703,1188509.20363
   0.47328,   0.10711,  28.98927,   1.47905,   0.00077,-83663.78131,875318.76071,407454.85588,1199109.83528
   0.81347,   0.07835,  13.64129,   1.18051,   0.00066,-10114.27414,145303.15962,39720.68827,174909.57375
   0.50060,   0.04459,  19.93261,   1.19040,   0.00075,-36381.35714,298096.22270,114366.25683,376081.12239
   0.85278,   0.02501,  46.04412,   1.95800,   0.00066,-481237.71722,5828069.72108,1344159.89622,6690991.90009
   0.66493,   0.02360,  32.33947,   1.70945,   0.00074,-167540.14509,1621282.52381,464113.71630,1917856.09502
   0.36254,   0.10568,  19.90938,   1.01748,   0.00059,-27323.17995,228800.03109,131558.56909,333035.42023
   0.87013,   0.07211,  41.70085,   1.93581,   0.00069,-297318.88896,4408311.72775,1118199.70814,5229192.54693
   0.93706,   0.04979,  36.29016,   1.90984,   0.00072,-215193.32106,3105777.69898,698883.34962,3589467.72754
   0.31949,   0.01815,  23.26799,   1.03941,   0.00059,-63548.16248,331250.94415,170559.71002,438262.49169
   0.76572,   0.07887,  24.20349,   1.61221,   0.00073,-56356.57497,769188.76869,222133.16383,934965.35754
   0.40003,   0.06334,  30.19213,   1.40339,   0.00073,-117250.36647,862566.91389,415683.17376,1160999.72118
   0.22580,   0.00361,  30.48605,   1.05648,   0.00053,-149677.32640,578748.16018,370017.29919,799088.13297
   0.34867,   0.02991,  32.47929,   1.36778,   0.00069,-166070.86314,963581.72968,477480.53563,1274991.40217
   0.22520,   0.14644,  10.05353,   0.33700,   0.00033,-2676.59429,20717.73501,18569.09531,36610.23604
   0.59965,   0.09288,  49.06279,   1.87680,   0.00061,-438166.81345,5178325.42329,1911623.43696,6651782.04680
   0.41190,   0.00775,  24.77009,   1.23979,   0.00069,-79265.57896,487616.40015,200533.52717,608884.34836
   0.49383,   0.12754,  14.35197,   0.91890,   0.00054,-8944.12538,110021.46358,51788.72483,152866.06303
   0.76760,   0.06663,  29.38101,   1.73141,   0.00076,-106535.71161,1378925.21194,386070.61620,1658460.11653
   0.48331,   0.02611,  40.36366,   1.68554,   0.00064,-322977.80751,2404114.01790,907969.04402,2989105.25441
   0.74336,   0.03544,  36.11892,   1.81927,   0.00064,-223938.31739,2490245.10864,665565.60661,2931872.39786
   0.56219,   0.13147,  14.44894,   1.00497,   0.00064,-8884.32323,125184.75618,53314.30092,169614.73387
   0.27232,   0.01122,  19.13000,   0.78546,   0.00052,-36116.30082,163400.87199,93174.29690,220458.86807
   0.62950,   0.12146,  24.36163,   1.51662,   0.00077,-45525.38360,660982.24961,249840.41923,865297.28524
   0.88475,   0.05198,  44.14841,   1.95945,   0.00073,-384108.15631,5309783.34433,1264922.66379,6190597.85181
   0.45559,   0.07470,  11.56730,   0.67971,   0.00046,-6271.75999,53894.43890,24011.92086,71634.59976
   0.87236,   0.00709,  31.57943,   1.81814,   0.00073,-164591.52722,1918877.02511,414861.47174,2169146.96964
   0.45762,   0.11287,  45.84124,   1.74600,   0.00074,-319868.81378,3366667.48044,1632475.55948,4679274.22614
   0.36794,   0.13391,  43.45785,   1.62570,   0.00067,-237608.15455,2407274.74336,1458530.44462,3628197.03343
   0.90273,   0.00396,  33.28350,   1.85639,   0.00066,-194569.49276,2316725.89636,481931.58729,2604087.99089
   0.31055,   0.07589,  12.60849,   0.56289,   0.00047,-8078.17937,51584.53364,31184.16071,74690.51499
   0.74585,   0.06834,  45.96350,   1.92170,   0.00071,-404850.14597,5147036.62796,1484095.09646,6226281.57845
   0.68205,   0.03963,  11.06276,   0.86413,   0.00060,-6336.65399,66352.90357,19319.29223,79335.54182
   0.74216,   0.09573,  17.78866,   1.35862,   0.00069,-20576.13903,297063.33026,91714.29852,368201.48975
   0.61893,   0.13919,  34.09914,   1.72744,   0.00070,-110452.73310,1786341.26938,712959.30216,2388847.83845
   0.65905,   0.06779,  27.59602,   1.61663,   0.00071,-87829.47046,999653.57129,320772.64957,1232596.75040
   0.38797,   0.12113,  16.32025,   0.88995,   0.00061,-13716.10949,132951.97727,75058.50955,194294.37732
   0.42417,   0.13091,  25.72588,   1.33347,   0.00067,-50340.41330,559356.21062,300538.92813,809554.72545
   0.31829,   0.02838,  47.35807,   1.57991,   0.00072,-517578.21600,2784957.44976,1474668.49822,3742047.73198
   0.89271,   0.10046,  11.42508,   1.08648,   0.00061,-5315.16643,92769.47420,24565.16991,112019.47767
   0.78226,   0.04649,  36.53645,   1.84843,   0.00072,-222437.50835,2696464.43620,707574.65085,3181601.57870
   0.21938,   0.11012,  33.98217,   1.18514,   0.00069,-132439.62058,785783.65672,660858.02334,1314202.05949
   0.44967,   0.01846,  11.20122,   0.63382,   0.00043,-7082.37221,48416.49023,19042.67507,60376.79309
   0.42703,   0.08315,  34.85359,   1.54824,   0.00069,-164895.14322,1398562.49715,669988.27317,1903655.62710
   0.47594,   0.12729,  35.76808,   1.62883,   0.00069,-138682.10095,1651774.42835,801204.12829,2314296.45569
   0.49722,   0.10802,  46.82447,   1.78924,   0.00070,-350732.91891,3842666.02803,1720640.51404,5212573.62316
   0.85609,   0.05134,  34.78949,   1.86054,   0.00068,-188431.93129,2522621.19241,618011.97156,2952201.23269
   0.48957,   0.07330,  41.77036,   1.71966,   0.00071,-297209.20608,2692908.96046,1126953.16567,3522652.92005
   0.23296,   0.07073,  12.12678,   0.42886,   0.00040,-7357.06376,37226.86962,27409.98655,57279.79240
   0.87716,   0.00828,  26.02397,   1.71472,   0.00070,-91770.57655,1079177.93314,232861.63550,1220268.99209
   0.42866,   0.06477,  41.96793,   1.65982,   0.00069,-312991.87315,2449249.97559,1120228.08545,3256486.18790
   0.25730,   0.01472,  21.54263,   0.85407,   0.00054,-51001.53675,223941.38071,134219.32208,307159.16603
   0.63787,   0.02417,  16.02767,   1.14661,   0.00067,-20355.94043,190385.83498,56577.60787,226607.50243
   0.84238,   0.09383,  36.43251,   1.87870,   0.00066,-178531.50037,2855645.58598,784454.13334,3461568.21896
   0.72519,   0.13337,  42.17356,   1.88704,   0.00081,-217992.82951,3878846.58133,1331393.25566,4992247.00748
   0.90635,   0.03338,  30.66797,   1.82249,   0.00065,-138100.27817,1818893.59640,405383.05808,2086176.37632
   0.39148,   0.00151,  48.27310,   1.67932,   0.00065,-598052.83361,3465304.36048,1461343.81196,4328595.33883
   0.29916,   0.04902,  17.30782,   0.77262,   0.00060,-23415.19194,129731.78829,75676.70883,181993.30519
   0.20503,   0.14995,  17.13622,   0.62999,   0.00054,-12881.67928,96238.04137,92673.37713,176029.73921
   0.64476,   0.05457,  17.45840,   1.23878,   0.00061,-23508.20156,248354.53712,78708.90595,303555.24150
   0.51774,   0.14427,  38.21699,   1.71280,   0.00070,-149572.54400,2160968.54029,1015110.47350,3026506.46979
   0.20614,   0.06062,  22.63303,   0.80336,   0.00056,-49962.34056,222539.12992,173981.58310,346558.37246
   0.28931,   0.11068,  39.22483,   1.43581,   0.00063,-203012.07927,1472848.08258,1017637.26365,2287473.26696
   0.31149,   0.11395,  25.90415,   1.15853,   0.00068,-57345.07209,448365.04624,295293.10435,686313.07850
   0.35346,   0.06013,  44.47988,   1.60256,   0.00067,-380009.28603,2501314.64103,1319045.62839,3440350.98339
   0.58417,   0.13983,  11.75035,   0.84828,   0.00061,-4497.98366,69561.97941,29215.03864,94279.03438
   0.27473,   0.04503,  34.55891,   1.28837,   0.00070,-189294.66108,969591.33637,596686.39438,1376983.06968
   0.65897,   0.11149,  28.69411,   1.65036,   0.00067,-79094.00245,1123679.73898,399107.89196,1443693.62848
   0.35851,   0.07798,  18.40692,   0.93369,   0.00066,-24892.14025,179237.11640,97502.84390,251847.82005
   0.48901,   0.00968,  38.05231,   1.65306,   0.00072,-285638.70325,2033985.34547,730521.16171,2478867.80393
   0.55521,   0.11661,  29.64627,   1.58350,   0.00064,-84579.08926,1069925.60735,445329.07414,1430675.59223
   0.36824,   0.03796,  10.25423,   0.49005,   0.00044,-5077.49717,31645.29336,15323.30667,41891.10286
   0.20135,   0.13424,  40.50502,   1.28356,   0.00064,-191938.40373,1255629.50691,1181838.68451,2245529.78769
   0.41791,   0.10597,  17.52230,   0.98892,   0.00063,-18595.93705,174636.63181,89744.47571,245785.17047
   0.37524,   0.09424,  45.73664,   1.65506,   0.00073,-352463.73712,2849925.00870,1553476.98795,4050938.25953
   0.87598,   0.09980,  38.25156,   1.91166,   0.00068,-200190.43462,3422906.35404,920513.00320,4143228.92262
   0.61482,   0.00297,  39.63695,   1.77859,   0.00076,-329610.44622,2789624.31424,811940.71051,3271954.57853
   0.38141,   0.08382,  36.19943,   1.51520,   0.00070,-184146.28355,1431347.89542,751810.95963,1999012.57150
   0.28196,   0.10775,  28.15362,   1.16951,   0.00070,-76354.58507,534325.12513,373771.47520,831742.01526
   0.41584,   0.14898,  34.62895,   1.54743,   0.00075,-107155.67162,1342586.57762,763125.80645,1998556.71245
   0.89947,   0.05619,  13.76198,   1.25074,   0.00063,-11439.24780,163236.29257,38702.04929,190499.09406
   0.45087,   0.11465,  41.09318,   1.68160,   0.00071,-227960.81380,2395817.07156,1180717.53887,3348573.79663
   0.26535,   0.02532,  38.74019,   1.34461,   0.00068,-286326.97953,1331657.15259,801205.22223,1846535.39529
   0.43197,   0.06106,  11.86783,   0.66928,   0.00050,-7189.99101,55731.87107,25109.81327,73651.69333
   0.73012,   0.13587,  44.55808,   1.91027,   0.00070,-252537.41544,4602005.40512,1579045.60176,5928513.59145
   0.93599,   0.07229,  43.05304,   1.96796,   0.00064,-326924.83715,5180448.09826,1231062.82240,6084586.08351
   0.66918,   0.04679,  43.93508,   1.86722,   0.00072,-386332.76800,4087898.30644,1231235.29674,4932800.83519
   0.65136,   0.02001,  46.28734,   1.87386,   0.00063,-497210.63155,4669556.04702,1348894.37073,5521239.78620
   0.74094,   0.00430,  35.18543,   1.80115,   0.00059,-229627.60377,2295507.54610,569843.91387,2635723.85619
   0.44287,   0.14478,  40.00946,   1.66446,   0.00072,-170935.50005,2179126.48406,1166067.60227,3174258.58628
   0.73760,   0.11253,  27.85378,   1.68714,   0.00069,-71901.25920,1134265.71591,365926.39388,1428290.85058
   0.71598,   0.08865,  15.48110,   1.21138,   0.00072,-14064.55744,189720.47729,59469.08340,235125.00325
   0.34572,   0.07655,  43.69977,   1.58500,   0.00066,-335304.85848,2331537.77159,1300334.31436,3296567.22747
   0.86745,   0.11671,  30.87476,   1.81819,   0.00073,-95476.44013,1784213.57646,503130.02936,2191867.16568
   0.50756,   0.09460,  44.82025,   1.77479,   0.00070,-331077.22221,3428374.18317,1463175.17925,4560472.14020
   0.25205,   0.05662,  45.27957,   1.44204,   0.00059,-406724.28134,2048904.08797,1379887.82091,3022067.62753
   0.21255,   0.07942,  19.04547,   0.69535,   0.00053,-27388.16656,135377.11746,108371.16875,216360.11965
   0.28547,   0.02287,  39.05862,   1.38957,   0.00071,-295898.79093,1439872.45563,816202.03146,1960175.69616
   0.79580,   0.07619,  39.34889,   1.88603,   0.00070,-245200.62152,3419996.83691,948523.55739,4123319.77278
   0.58622,   0.10885,  13.14674,   0.93902,   0.00069,-7725.56262,97717.56713,38154.83537,128146.83988
   0.92319,   0.14712,  36.99171,   1.92011,   0.00063,-132608.45743,3245419.01828,926409.04478,4039219.60562
   0.60357,   0.14738,  29.18009,   1.62236,   0.00064,-64954.31204,1095515.32587,454987.66425,1485548.67808
   0.46924,   0.01693,  22.22546,   1.23316,   0.00072,-55605.47471,391684.79238,148198.61115,484277.92881
   0.24580,   0.11329,  13.24562,   0.51338,   0.00040,-7697.11346,50379.90883,39419.38099,82102.17636
   0.23648,   0.14554,  18.39922,   0.74461,   0.00058,-16524.80066,131396.10300,113596.87628,228468.17861
   0.32632,   0.08572,  43.82721,   1.56172,   0.00075,-323789.76167,2249686.70756,1340163.71581,3266060.66171
   0.31466,   0.01391,  22.51593,   1.00058,   0.00067,-58383.74982,296704.07491,152938.78687,391259.11196
   0.66218,   0.07284,  12.77942,   0.98138,   0.00059,-8528.91665,99684.98286,32237.73499,123393.80120
   0.62441,   0.01922,  21.06401,   1.36699,   0.00070,-46980.24257,424281.50491,126872.94069,504174.20303
   0.77583,   0.05164,  28.73255,   1.71922,   0.00074,-106027.07628,1301854.07826,348407.48859,1544234.49057
   0.30214,   0.05550,  49.16084,   1.58533,   0.00076,-522914.18765,2995057.55500,1761300.81675,4233444.18410
   0.49683,   0.09732,  31.16607,   1.55476,   0.00071,-109730.10307,1132339.00319,495047.75542,1517656.65554
   0.78601,   0.10975,  12.35538,   1.07388,   0.00062,-6379.28069,104719.00869,31736.30509,130076.03309
   0.64719,   0.13258,  17.23995,   1.25273,   0.00065,-14974.44295,239928.10149,90787.23290,315740.89144
   0.45292,   0.04201,  37.04102,   1.60632,   0.00072,-235758.90219,1761187.90883,729373.08591,2254802.09255
   0.49540,   0.07925,  40.23034,   1.70655,   0.00067,-258342.84922,2429684.67779,1021002.84075,3192344.66933
   0.43800,   0.12228,  15.17477,   0.89648,   0.00058,-10944.96115,117828.04817,60494.39396,167377.48098
   0.80837,   0.11966,  19.47069,   1.49020,   0.00070,-23509.57863,420166.95421,127033.57665,523690.95223
   0.85480,   0.14197,  49.61061,   1.98539,   0.00067,-333074.31641,7305424.03791,2209262.14073,9181611.86222
   0.87168,   0.03315,  39.56618,   1.91709,   0.00074,-296803.18691,3771402.66070,870040.89737,4344640.37116
   0.48538,   0.07348,  35.08999,   1.61555,   0.00081,-176057.01310,1585152.50767,668397.56353,2077493.05810
   0.61825,   0.13172,  16.74410,   1.19856,   0.00068,-13802.08914,211304.50105,83016.56110,280518.97301
   0.71902,   0.08194,  14.16381,   1.13230,   0.00065,-11130.93636,145835.58966,44837.15580,179541.80911
   0.72918,   0.01226,  43.53555,   1.88694,   0.00063,-424279.65007,4287538.48682,1101042.48789,4964301.32463
   0.33952,   0.13240,  35.58967,   1.45586,   0.00069,-131905.79526,1241931.31788,798386.93553,1908412.45814
   0.72399,   0.11736,  28.01825,   1.68338,   0.00069,-71066.56191,1135723.78925,376559.12119,1441216.34852
   0.29866,   0.10220,  49.81818,   1.60062,   0.00060,-436478.16551,3089864.49827,2044761.69484,4698148.02760
   0.56571,   0.13605,  14.82024,   1.03238,   0.00058,-9279.94672,135803.52458,58124.03130,184647.60916
   0.92609,   0.13997,  14.65995,   1.34665,   0.00072,-8725.81758,202574.19855,56752.76408,250601.14504
   0.67378,   0.01022,  29.88704,   1.66402,   0.00069,-138160.13642,1294502.72808,354422.51061,1510765.10227
   0.26337,   0.05012,  17.91885,   0.73660,   0.00056,-25871.99795,131062.78060,84200.05832,189390.84097
   0.66551,   0.04036,  22.09764,   1.45124,   0.00073,-50365.33687,517638.52608,154243.13088,621516.32009
   0.54963,   0.01621,  42.73264,   1.77061,   0.00075,-396155.30246,3176941.72241,1051473.76778,3832260.18773
   0.70309,   0.09009,  25.51066,   1.60225,   0.00076,-62479.48616,835527.32980,266994.74087,1040042.58451
   0.22742,   0.09063,  27.24653,   1.01948,   0.00059,-75913.20025,415215.19487,325698.09095,665000.08557
   0.81973,   0.03759,  37.79300,   1.87865,   0.00070,-254544.10079,3111059.51882,766456.87135,3622972.28937
   0.72156,   0.04272,  47.86764,   1.92349,   0.00061,-507442.29223,5646682.85198,1576782.62774,6716023.18749
   0.75480,   0.10445,  22.34339,   1.55194,   0.00066,-38887.81482,597495.58359,185425.27053,744033.03930
   0.24327,   0.11607,  31.66460,   1.18795,   0.00057,-103398.68804,683244.91906,541951.38308,1121797.61410
   0.41988,   0.02859,  36.91119,   1.56016,   0.00070,-244878.60032,1638644.88451,698569.37789,2092335.66208
   0.48197,   0.05694,  38.33938,   1.66242,   0.00066,-246581.51681,2055513.53754,838308.24526,2647240.26599
   0.39520,   0.13767,  24.03371,   1.23984,   0.00068,-39111.23517,430884.97898,248784.95563,640558.69944
   0.22273,   0.14180,  32.55801,   1.17377,   0.00062,-94266.21407,698314.57352,624213.03696,1228261.39641
   0.35946,   0.00210,  25.02078,   1.16151,   0.00062,-83128.66970,451113.96281,203789.05680,571774.34992
   0.93857,   0.12672,  33.67710,   1.88959,   0.00074,-116197.46893,2485648.46655,667887.02431,3037338.02194
   0.68007,   0.14791,  30.46819,   1.70798,   0.00057,-73625.13078,1382639.37479,518548.67103,1827562.91504
   0.30596,   0.07373,  18.65043,   0.85542,   0.00057,-26404.49049,165088.76703,100416.95766,239101.23420
   0.23365,   0.13893,  22.47894,   0.89776,   0.00064,-31704.10248,237599.72528,204131.55606,410027.17885
   0.47689,   0.05477,  20.05184,   1.16866,   0.00072,-35589.20111,291502.21067,119311.10296,375224.11252
   0.28742,   0.06969,  28.90899,   1.18487,   0.00062,-100131.62764,586761.79944,370429.56050,857059.73230
   0.74634,   0.07277,  49.95913,   1.94848,   0.00067,-509732.34919,6613231.69698,1925768.74683,8029268.09461
   0.55363,   0.00808,  44.94497,   1.79687,   0.00065,-473039.78900,3719107.87014,1198959.08717,4445027.16831
   0.86846,   0.03076,  26.74773,   1.73087,   0.00069,-92477.76193,1161314.62349,267237.86039,1336074.72195
   0.63361,   0.04372,  32.03605,   1.68450,   0.00074,-151543.60283,1511565.05832,473817.37826,1833838.83375
   0.49143,   0.04158,  41.16542,   1.70746,   0.00066,-324127.89553,2585725.50852,1000108.78316,3261706.39615
   0.73427,   0.02647,  28.25203,   1.67956,   0.00068,-110614.61080,1178913.45190,311624.35918,1379923.20028
   0.41090,   0.02096,  16.81391,   0.91088,   0.00057,-23756.62057,152213.41836,64805.71274,193262.51054
   0.29096,   0.13289,  46.92416,   1.55935,   0.00065,-301289.56540,2532209.84092,1831926.43497,4062846.71049
   0.70831,   0.06713,  24.47381,   1.57290,   0.00075,-61440.67742,742528.97993,223400.94840,904489.25091
   0.49980,   0.12505,  10.20583,   0.64507,   0.00046,-3270.03735,39960.42229,18518.65930,55209.04424
   0.85756,   0.09330,  24.09399,   1.67148,   0.00063,-51780.55631,839269.09578,226617.76406,1014106.30353
   0.33024,   0.09029,  23.39332,   1.09553,   0.00066,-48129.15314,345253.77744,205975.09589,503099.72020
   0.46529,   0.03403,  18.48841,   1.07456,   0.00069,-30187.52868,223902.97218,88960.30239,282675.74589
   0.63275,   0.01191,  38.62062,   1.77984,   0.00068,-296525.95334,2645197.59418,767984.81688,3116656.45773
   0.78984,   0.14272,  29.79846,   1.76265,   0.00077,-71762.09958,1475404.46972,479545.11457,1883187.48471
   0.86368,   0.09879,  35.68249,   1.87839,   0.00066,-163391.43368,2743510.79804,745483.31707,3325602.68143
   0.84082,   0.12799,  32.82837,   1.83614,   0.00068,-106716.84994,2085765.01079,620423.68123,2599471.84208
   0.42087,   0.04578,  30.25778,   1.42824,   0.00068,-126684.67078,904373.14110,401200.96387,1178889.43419
   0.94928,   0.00126,  22.68392,   1.66979,   0.00073,-62102.10114,767439.89351,151537.19292,856874.98529
   0.34368,   0.10117,  24.24140,   1.15287,   0.00064,-50574.21794,396174.88371,235030.50521,580631.17098
   0.42589,   0.13530,  10.85601,   0.61518,   0.00048,-3667.28846,42170.67767,22807.22373,61310.61294
   0.30162,   0.11896,  45.67602,   1.55878,   0.00065,-304843.82191,2399114.45739,1637384.06007,3731654.69555
   0.69044,   0.11045,  43.24383,   1.87786,   0.00070,-272393.98651,4005670.76394,1362869.74543,5096146.52287
   0.30381,   0.08763,  29.26813,   1.23390,   0.00069,-95524.95631,634644.90963,400904.83900,940024.79232
   0.59622,   0.06509,  20.13652,   1.31581,   0.00059,-34525.25443,356248.33279,123832.98950,445556.06786
   0.82472,   0.11559,  48.15851,   1.96917,   0.00069,-364827.13854,6472059.13950,1904512.61072,8011744.61169
   0.75839,   0.09756,  13.51468,   1.13002,   0.00067,-8935.97057,132777.41300,40388.58495,164230.02738
   0.58866,   0.10174,  19.34246,   1.28426,   0.00072,-25611.42359,312316.26134,119551.56246,406256.40021
   0.76156,   0.02782,  30.12612,   1.73391,   0.00069,-133495.92418,1476172.46791,379094.24615,1721770.78989
   0.44457,   0.05244,  47.06316,   1.73509,   0.00072,-464469.24930,3557909.31241,1534053.61300,4627493.67611
   0.54583,   0.08797,  24.49441,   1.42931,   0.00064,-55898.15604,594818.79594,235180.09391,774100.73381
   0.46252,   0.09352,  27.41855,   1.42212,   0.00078,-76221.82345,726711.61684,334135.24839,984625.04177
   0.38422,   0.08214,  45.17392,   1.65644,   0.00068,-360776.81458,2797879.43765,1455338.39653,3892441.01961
   0.26909,   0.11851,  40.12459,   1.41698,   0.00069,-207237.23868,1494717.65566,1108854.78383,2396335.20081
   0.36954,   0.04429,  18.26575,   0.93133,   0.00058,-28028.14256,179355.94343,87943.50321,239271.30409
   0.50306,   0.10678,  41.38410,   1.73364,   0.00073,-243862.33486,2678788.50418,1184514.17170,3619440.34102
   0.32340,   0.05518,  14.15791,   0.65877,   0.00054,-12506.42207,75318.95817,42037.90885,104850.44494
   0.94145,   0.02760,  17.66352,   1.48772,   0.00072,-26927.81979,359641.30698,76368.73345,409082.22064
   0.51230,   0.12495,  48.03287,   1.81372,   0.00072,-341121.84033,4252601.49949,1930110.72947,5841590.38863
   0.50246,   0.13718,  22.92490,   1.33989,   0.00069,-34066.24853,454912.92051,215679.49256,636526.16454
   0.61277,   0.05922,  29.55050,   1.62134,   0.00071,-111851.38716,1152638.89051,385942.74869,1426730.25204
   0.38651,   0.03975,  25.36939,   1.23460,   0.00069,-76384.75688,497901.57606,233054.23393,654571.05310
   0.94078,   0.00539,  34.16641,   1.88301,   0.00077,-209545.50806,2601096.34084,523175.34021,2914726.17299
   0.56865,   0.03438,  24.69638,   1.44254,   0.00068,-71859.31908,631187.02842,212210.68547,771538.39482
   0.52232,   0.08970,  39.39967,   1.72191,   0.00073,-230624.71705,2385410.65795,982703.14033,3137489.08123
   0.94530,   0.06407,  38.46015,   1.93485,   0.00068,-241609.88299,3726258.86678,860728.31419,4345377.29798
   0.35217,   0.03162,  18.75765,   0.91975,   0.00060,-31797.50555,187058.06029,92359.91002,247620.46476
   0.89780,   0.05739,  18.20958,   1.48949,   0.00074,-26370.87382,377526.71655,89915.46650,441071.30922
   0.46695,   0.10155,  34.94259,   1.60115,   0.00070,-151153.07861,1516000.19765,704523.97458,2069371.09361
   0.59259,   0.09225,  14.49834,   1.03013,   0.00060,-11343.46564,132277.05674,49256.88735,170190.47846
   0.45371,   0.09945,  32.19456,   1.52916,   0.00070,-119582.01989,1158040.16943,548378.03250,1586836.18204
   0.88617,   0.03124,  41.57958,   1.93861,   0.00073,-346801.95035,4442194.99179,1005046.25762,5100439.29906
   0.50928,   0.12771,  12.23474,   0.80013,   0.00053,-5534.64963,69932.15660,32096.00964,96493.51661
   0.56946,   0.00857,  16.46181,   1.09044,   0.00067,-23207.12206,187161.60620,58982.54298,222937.02712
   0.20953,   0.07034,  28.36763,   0.99779,   0.00065,-94338.81399,443021.45365,350543.60955,699226.24921
   0.67905,   0.03372,  46.44860,   1.89035,   0.00074,-479213.65342,4892364.12320,1409573.80975,5822724.27953
   0.85170,   0.05273,  30.89435,   1.80340,   0.00073,-131234.74846,1758518.22737,434246.22068,2061529.69959
   0.88830,   0.08024,  33.86321,   1.86576,   0.00067,-153352.48131,2404797.95751,610318.25526,2861763.73146
   0.91889,   0.01421,  39.95479,   1.93402,   0.00068,-325918.47379,4072261.88125,855218.64019,4601562.04765
   0.57798,   0.03879,  46.64545,   1.83658,   0.00066,-476479.26843,4312232.45247,1445256.57221,5281009.75625
   0.83873,   0.14395,  48.47691,   1.97736,   0.00067,-306036.74099,6701268.27184,2070331.96477,8465563.49561
   0.25364,   0.12039,  28.16979,   1.11836,   0.00066,-70867.37147,495588.04156,385339.14900,810059.81909
   0.28051,   0.01375,  49.59993,   1.53963,   0.00072,-624437.79706,2910683.76694,1634252.12424,3920498.09412
   0.88320,   0.03092,  44.05563,   1.95588,   0.00062,-412986.53045,5268076.69484,1194568.30258,6049658.46697
   0.35010,   0.06903,  15.76699,   0.78646,   0.00051,-16292.36713,110584.89228,60003.50550,154296.03065
   0.36486,   0.00925,  42.63979,   1.57527,   0.00062,-402445.32683,2258918.35302,1026763.83536,2883236.86156
   0.28327,   0.11489,  28.41181,   1.18076,   0.00072,-75234.22596,551042.84971,390454.52699,866263.15074
   0.60652,   0.05958,  47.63966,   1.86469,   0.00060,-467954.62534,4787192.10284,1618477.03866,5937714.51616
   0.47884,   0.07694,  37.16706,   1.64423,   0.00072,-205917.50008,1862595.23403,800736.36488,2457414.09883
   0.88163,   0.07113,  25.62007,   1.72059,   0.00073,-69252.34559,1034414.55764,258715.70971,1223877.92176
   0.41429,   0.09829,  43.61478,   1.67519,   0.00067,-299178.77400,2674352.24967,1359794.30571,3734967.78138
   0.91256,   0.01532,  35.98351,   1.89260,   0.00074,-237221.29534,2956201.13045,626432.31856,3345412.15367
   0.86039,   0.01295,  27.18655,   1.73051,   0.00061,-103091.74493,1209256.29652,268582.23015,1374746.78174
   0.75760,   0.01286,  20.27034,   1.45643,   0.00067,-42743.48322,447600.51754,111301.54458,516158.57890
   0.27560,   0.06557,  38.66458,   1.38276,   0.00072,-243908.05334,1360992.10602,877640.72783,1994724.78051
   0.32895,   0.12094,  36.69061,   1.45937,   0.00063,-156042.01753,1328080.81382,852506.37792,2024545.17421
   0.30920,   0.02555,  24.88998,   1.08010,   0.00060,-75876.76742,395525.40661,212606.75161,532255.39079
   0.77623,   0.13843,  20.32476,   1.50291,   0.00065,-23522.17287,461014.31091,150721.27637,588213.41441
   0.43427,   0.00646,  23.93951,   1.24258,   0.00069,-71843.87399,459418.02573,180448.83364,568022.98539
   0.42336,   0.04757,  43.85254,   1.67520,   0.00069,-383003.77728,2766243.27211,1226608.45891,3609847.95373
   0.79867,   0.11706,  44.62883,   1.93748,   0.00068,-287736.16323,5005682.43747,1520761.11215,6238707.38639
   0.50593,   0.13050,  39.90717,   1.72251,   0.00076,-188447.64782,2413526.58711,1120838.63507,3345917.57435
   0.32533,   0.11096,  26.95800,   1.21584,   0.00072,-65794.01785,522329.51341,330559.90738,787095.40293
   0.48428,   0.09678,  12.40745,   0.77417,   0.00059,-6943.41403,69944.28403,31196.62224,94197.49223
   0.82794,   0.11756,  11.80103,   1.06873,   0.00060,-5303.51563,95563.51204,28149.25875,118409.25516
   0.51447,   0.06359,  37.88132,   1.68766,   0.00071,-231337.59282,2093391.56552,821512.31621,2683566.28892
   0.46831,   0.03239,  28.51316,   1.43773,   0.00070,-111380.14935,825676.87456,325011.98284,1039308.70804
   0.92299,   0.13474,  23.77227,   1.70668,   0.00065,-38662.87333,861161.91074,239182.61048,1061681.64790
   0.20896,   0.08556,  21.90587,   0.79783,   0.00055,-40462.63738,203628.10915,167280.79577,330446.26754
   0.27712,   0.09862,  21.75852,   0.94115,   0.00060,-37080.77091,243531.96576,168962.54514,375413.73998
   0.53271,   0.13649,  21.24517,   1.31315,   0.00072,-27250.32090,380237.15457,171394.82961,524381.66329
   0.43288,   0.00410,  36.60941,   1.56470,   0.00070,-258809.27263,1638738.03410,641547.07323,2021475.83470
   0.42963,   0.11782,  32.73050,   1.51849,   0.00065,-112969.47548,1163949.17597,600926.39179,1651906.09229
   0.68521,   0.01790,  33.41759,   1.74148,   0.00073,-188412.19440,1836309.00231,504960.38460,2152857.19251
   0.55589,   0.14701,  23.35456,   1.41791,   0.00065,-33400.83521,523611.04168,233076.65268,723286.85915
   0.75084,   0.09714,  17.71900,   1.36323,   0.00075,-20184.27183,296612.37134,90936.51133,367364.61084
   0.62183,   0.00512,  20.52556,   1.33915,   0.00069,-45470.16870,391171.53917,113355.24238,459056.61286
   0.33259,   0.07427,  47.96917,   1.62154,   0.00060,-448158.54465,2993048.14541,1710718.59664,4255608.19739
   0.24032,   0.06285,  16.29945,   0.62804,   0.00050,-18486.52857,92390.38018,65327.34698,139231.19858
   0.92852,   0.12452,  16.92630,   1.46551,   0.00070,-14969.52169,312535.87431,84378.44086,381944.79348
   0.88971,   0.07536,  40.46948,   1.93357,   0.00059,-267771.62422,4110514.39605,1029881.34995,4872624.12178
   0.26193,   0.10234,  31.20189,   1.20983,   0.00062,-107153.47119,689236.23472,502529.42021,1084612.18374
