ref_mult,core_r,fuel_frac,keff,r_mass,c_mass,p_mass,mass
   0.26722,  32.22222,   0.28889,   1.17125,184922.21478,407796.50234,618415.93524,1211134.65236
   0.20067,  14.44444,   0.76111,   1.00118,11764.04065,81311.62360,48110.94829,141186.61254
   0.13411,  10.00000,   0.95000,   0.79713,2449.77458,32897.12464,13680.71948,49027.61870
   0.06756,  18.88889,   0.95000,   1.35194,7799.01574,221705.90107,78338.42781,307843.34461
   0.00100,  45.55556,   0.19444,   1.09601,1516.27662,872695.60029,924770.69825,1798982.57517
   0.20067,  14.44444,   0.47778,   0.73271,11764.04065,54565.76055,48110.94829,114440.74950
   0.46689,  14.44444,   0.28889,   0.57922,34708.12369,36734.93272,83152.14290,154595.19931
   0.13411,  14.44444,   0.19444,   0.36432,7382.92152,27818.95072,41229.78458,76431.65682
   0.33378,  41.11111,   0.10000,   0.93304,509411.71450,435842.34629,1476887.92817,2422141.98896
   0.06756,  32.22222,   0.85556,   1.68852,38715.67716,1001621.59706,388885.64693,1429222.92115
   0.40033,  41.11111,   0.38333,   1.51645,647896.94319,1052482.92047,1687512.06400,3387891.92766
   0.06756,  45.55556,   0.85556,   1.86391,109406.88501,2830489.01466,1098954.49023,4038850.38989
   0.00100,  10.00000,   0.57222,   0.50041,  16.03815,21063.97034,9781.59983,30861.60831
   0.40033,  41.11111,   0.10000,   0.95924,647896.94319,435842.34629,1687512.06400,2771251.35347
   0.00100,  23.33333,   0.66667,   1.27705, 203.74382,305173.42444,124262.49270,429639.66095
   0.13411,  10.00000,   0.57222,   0.52975,2449.77458,21063.97034,13680.71948,37194.46440
   0.46689,  32.22222,   0.95000,   1.78037,385296.78423,1100586.84067,923076.49778,2408960.12268
   0.20067,  50.00000,   0.10000,   1.00144,487937.73054,784082.62147,1995500.32315,3267520.67516
   0.46689,  23.33333,   0.47778,   1.21481,146305.00340,230010.81401,350510.86764,726826.68505
   0.53344,  50.00000,   0.28889,   1.53983,1739594.90761,1523656.72903,3897445.94704,7160697.58368
   0.60000,  45.55556,   0.66667,   1.82027,1563233.72193,2271123.28642,3315054.40729,7149411.41564
   0.40033,  23.33333,   0.19444,   0.77867,118456.38967,117265.10244,308531.45508,544252.94718
   0.26722,  32.22222,   0.57222,   1.52353,184922.21478,704703.79454,618415.93524,1508041.94456
   0.53344,  27.77778,   0.95000,   1.70241,298284.52077,705099.71998,668286.50247,1671670.74322
   0.26722,  18.88889,   0.76111,   1.26006,37251.35059,181831.79153,124575.77820,343658.92032
   0.20067,  10.00000,   0.47778,   0.46817,3903.50184,18105.81528,15964.00259,37973.31971
   0.40033,  10.00000,   0.57222,   0.57705,9324.55945,21063.97034,24286.74302,54675.27281
   0.53344,  50.00000,   0.10000,   1.13927,1739594.90761,784082.62147,3897445.94704,6421123.47612
   0.53344,  27.77778,   0.28889,   1.12114,298284.52077,261258.07522,668286.50247,1227829.09846
   0.13411,  18.88889,   0.38333,   0.81844,16509.93778,102083.78418,92199.43302,210793.15498
   0.46689,  23.33333,   0.38333,   1.10130,146305.00340,192427.71286,350510.86764,689243.58390
   0.20067,  50.00000,   0.95000,   1.94564,487937.73054,4112140.58003,1995500.32315,6595578.63371
   0.26722,  10.00000,   0.76111,   0.69539,5527.42312,26980.53178,18484.78044,50992.73534
   0.06756,  23.33333,   0.85556,   1.45973,14701.12783,380336.03486,147667.76735,542704.93004
   0.00100,  27.77778,   0.76111,   1.50041, 343.75330,578286.57097,209653.68174,788284.00600
   0.46689,  18.88889,   0.47778,   1.03172,77615.47528,122021.79170,185947.62279,385584.88977
   0.46689,  14.44444,   0.57222,   0.89127,34708.12369,63480.79576,83152.14290,181341.06235
   0.53344,  14.44444,   0.76111,   1.06427,41941.14112,81311.62360,93966.31925,217219.08396
   0.26722,  41.11111,   0.57222,   1.67672,384061.09819,1463584.64044,1284375.18179,3132020.92042
   0.60000,  41.11111,   0.57222,   1.71214,1148887.10439,1463584.64044,2436374.80784,5048846.55266
   0.60000,  32.22222,   0.57222,   1.56416,553179.55626,704703.79454,1173094.14471,2430977.49552
   0.40033,  18.88889,   0.38333,   0.90282,62841.65798,102083.78418,163677.35190,328602.79406
   0.06756,  14.44444,   0.66667,   0.87870,3487.56742,72396.68307,35031.41393,110915.66443
   0.00100,  36.66667,   0.57222,   1.54108, 790.62161,1038376.00602,482196.77485,1521363.40248
   0.06756,  32.22222,   0.10000,   0.60185,38715.67716,209854.45376,388885.64693,637455.77785
   0.13411,  18.88889,   0.66667,   1.14159,16509.93778,161895.90124,92199.43302,270605.27204
   0.46689,  36.66667,   0.19444,   1.14573,567732.05855,455043.61750,1360146.62393,2382922.29998
   0.33378,  14.44444,   0.19444,   0.41659,22094.97156,27818.95072,64057.80598,113971.72826
   0.00100,  14.44444,   0.10000,   0.19050,  48.33441,18904.01020,29478.95060,48431.29520
   0.46689,  41.11111,   0.19444,   1.23049,800214.87012,641381.20050,1917118.36174,3358714.43236
   0.60000,  45.55556,   0.38333,   1.60924,1563233.72193,1432061.32853,3315054.40729,6310349.45774
   0.26722,  18.88889,   0.28889,   0.73227,37251.35059,82147.89389,124575.77820,243975.02268
   0.00100,  10.00000,   0.28889,   0.27585,  16.03815,12189.25383,9781.59983,21986.89181
   0.60000,  36.66667,   0.85556,   1.80976,815106.12359,1475882.26651,1728545.84027,4019534.23037
   0.60000,  41.11111,   0.38333,   1.54574,1148887.10439,1052482.92047,2436374.80784,4637744.83269
   0.53344,  45.55556,   0.28889,   1.48082,1315716.38649,1152394.80007,2947774.49366,5415885.68022
   0.00100,  41.11111,   0.95000,   1.85105,1114.37633,2285785.89752,679653.41000,2966553.68385
   0.33378,  45.55556,   0.10000,   1.00222,693131.26366,593029.07184,2009528.18080,3295688.51629
   0.40033,  14.44444,   0.28889,   0.56462,28101.56132,36734.93272,73193.31299,138029.80703
   0.20067,  18.88889,   0.10000,   0.35458,26307.14396,42273.78435,107587.32310,176168.25141
   0.60000,  10.00000,   0.57222,   0.60479,16534.83045,21063.97034,35064.40643,72663.20722
   0.40033,  10.00000,   0.66667,   0.64895,9324.55945,24022.40814,24286.74302,57633.71061
   0.13411,  50.00000,   0.19444,   1.25598,306221.82264,1153848.07680,1710089.93517,3170159.83461
   0.00100,  41.11111,   0.76111,   1.75534,1114.37633,1874684.17755,679653.41000,2555451.96388
   0.53344,  14.44444,   0.19444,   0.46285,41941.14112,27818.95072,93966.31925,163726.41109
   0.60000,  50.00000,   0.57222,   1.80921,2066853.80680,2632996.29191,4383050.80381,9082900.90251
   0.53344,  10.00000,   0.85556,   0.80154,13916.75926,29939.00100,31179.56758,75035.32783
   0.46689,  18.88889,   0.38333,   0.91925,77615.47528,102083.78418,185947.62279,365646.88225
   0.53344,  41.11111,   0.76111,   1.81795,966976.06267,1874684.17755,2166445.14182,5008105.38204
   0.00100,  45.55556,   0.57222,   1.68072,1516.27662,1991427.05676,924770.69825,2917714.03164
   0.00100,  14.44444,   0.76111,   0.93723,  48.33441,81311.62360,29478.95060,110838.90860
   0.33378,  27.77778,   0.57222,   1.42679,157138.97686,451474.09531,455577.77993,1064190.85210
   0.46689,  23.33333,   0.76111,   1.46685,146305.00340,342752.53460,350510.86764,839568.40564
   0.46689,  32.22222,   0.57222,   1.55172,385296.78423,704703.79454,923076.49778,2013077.07655
   0.13411,  27.77778,   0.85556,   1.60708,52507.18384,641696.84891,293225.36790,987429.40065
   0.20067,  32.22222,   0.95000,   1.75999,130593.26033,1100586.84067,534082.27503,1765262.37604
   0.06756,  45.55556,   0.57222,   1.70108,109406.88501,1991427.05676,1098954.49023,3199788.43200
   0.46689,  50.00000,   0.57222,   1.79809,1439590.66495,2632996.29191,3448905.78798,7521492.74484
   0.26722,  45.55556,   0.57222,   1.73453,522572.89483,1991427.05676,1747585.63145,4261585.58305
   0.06756,  10.00000,   0.47778,   0.44314,1157.23213,18105.81528,11623.99833,30887.04574
   0.33378,  10.00000,   0.10000,   0.13790,7331.47434,6272.66097,21255.43180,34859.56712
   0.26722,  45.55556,   0.19444,   1.24416,522572.89483,872695.60029,1747585.63145,3142854.12658
   0.20067,  23.33333,   0.95000,   1.55153,49588.90958,417915.14503,202801.87185,670305.92646
   0.33378,  18.88889,   0.85556,   1.34470,49409.51963,201770.01078,143248.22340,394427.75381
   0.20067,  41.11111,   0.95000,   1.87481,271226.42371,2285785.89752,1109224.35855,3666236.67979
   0.40033,  10.00000,   0.19444,   0.24503,9324.55945,9230.78461,24286.74302,42842.08709
   0.46689,  27.77778,   0.28889,   1.10671,246843.45172,261258.07522,591376.30585,1099477.83280
   0.26722,  23.33333,   0.95000,   1.56332,70218.71546,417915.14503,234825.07305,722958.93354
   0.40033,  45.55556,   0.76111,   1.85302,881561.24832,2550789.81488,2296113.99983,5728465.06303
   0.20067,  50.00000,   0.28889,   1.46910,487937.73054,1523656.72903,1995500.32315,4007094.78271
   0.40033,  45.55556,   0.47778,   1.67451,881561.24832,1711757.55819,2296113.99983,4889432.80634
   0.00100,  36.66667,   0.19444,   0.92809, 790.62161,455043.61750,482196.77485,938031.01397
   0.33378,  18.88889,   0.66667,   1.19361,49409.51963,161895.90124,143248.22340,354553.64427
   0.40033,  50.00000,   0.10000,   1.09419,1165569.93139,784082.62147,3035842.87802,4985495.43088
   0.53344,  32.22222,   0.57222,   1.56010,465590.90726,704703.79454,1043125.26240,2213419.96419
   0.33378,  10.00000,   0.19444,   0.23617,7331.47434,9230.78461,21255.43180,37817.69076
   0.53344,  23.33333,   0.66667,   1.40263,176794.31040,305173.42444,396095.81834,878063.55318
   0.53344,  10.00000,   0.28889,   0.35510,13916.75926,12189.25383,31179.56758,57285.58067
   0.40033,  14.44444,   0.10000,   0.27940,28101.56132,18904.01020,73193.31299,120198.88451
   0.20067,  45.55556,   0.57222,   1.72500,369044.34753,1991427.05676,1509266.59012,3869737.99442
   0.00100,  50.00000,   0.76111,   1.85049,2004.76875,3372566.47247,1222699.97843,4597271.21966
   0.60000,  41.11111,   0.47778,   1.63831,1148887.10439,1258043.60336,2436374.80784,4843305.51558
   0.53344,  10.00000,   0.57222,   0.59680,13916.75926,21063.97034,31179.56758,66160.29717
   0.53344,  50.00000,   0.38333,   1.65193,1739594.90761,1893422.18436,3897445.94704,7530463.03900
   0.60000,  50.00000,   0.85556,   1.93569,2066853.80680,3742375.12470,4383050.80381,10192279.73530
   0.60000,  41.11111,   0.85556,   1.86170,1148887.10439,2080247.04331,2436374.80784,5665508.95553
   0.26722,  10.00000,   0.38333,   0.40033,5527.42312,15147.37747,18484.78044,39159.58103
   0.60000,  41.11111,   0.28889,   1.42404,1148887.10439,846944.06626,2436374.80784,4432205.97848
   0.40033,  45.55556,   0.38333,   1.57919,881561.24832,1432061.32853,2296113.99983,4609736.57668
   0.13411,  41.11111,   0.95000,   1.86962,170217.31385,2285785.89752,950575.34664,3406578.55801
   0.06756,  32.22222,   0.76111,   1.62861,38715.67716,902644.79209,388885.64693,1330246.11618
   0.33378,  50.00000,   0.19444,   1.32876,916434.29309,1153848.07680,2656928.97491,4727211.34481
   0.13411,  32.22222,   0.66667,   1.57459,81958.21660,803679.54848,457694.09931,1343331.86438
   0.26722,  50.00000,   0.66667,   1.83515,690927.88996,3002801.01715,2310597.55454,6004326.46165
   0.06756,  23.33333,   0.28889,   0.81808,14701.12783,154848.60269,147667.76735,317217.49787
   0.06756,  10.00000,   0.19444,   0.20301,1157.23213,9230.78461,11623.99833,22012.01508
   0.06756,  50.00000,   0.95000,   1.93592,144654.01661,4112140.58003,1452999.79124,5709794.38787
   0.40033,  27.77778,   0.95000,   1.69377,199857.71796,705099.71998,520549.31526,1425506.75320
   0.00100,  18.88889,   0.19444,   0.46301, 108.08703,62209.67464,65921.82227,128239.58394
   0.00100,  27.77778,   0.38333,   1.08188, 343.75330,324660.94629,209653.68174,534658.38133
   0.00100,  32.22222,   0.95000,   1.72571, 536.56291,1100586.84067,327247.44696,1428370.85054
   0.26722,  36.66667,   0.19444,   1.08560,272481.56218,455043.61750,911231.46188,1638756.64156
   0.60000,  18.88889,   0.38333,   0.94654,111434.34343,102083.78418,236312.01535,449830.14296
   0.53344,  50.00000,   0.76111,   1.89606,1739594.90761,3372566.47247,3897445.94704,9009607.32712
   0.33378,  50.00000,   0.47778,   1.71475,916434.29309,2263226.90959,2656928.97491,5836590.17760
   0.20067,  50.00000,   0.57222,   1.77012,487937.73054,2632996.29191,1995500.32315,5116434.34560
   0.60000,  14.44444,   0.47778,   0.82135,49831.26060,54565.76055,105674.11498,210071.13613
   0.20067,  45.55556,   0.76111,   1.83700,369044.34753,2550789.81488,1509266.59012,4429100.75254
   0.40033,  14.44444,   0.76111,   1.04345,28101.56132,81311.62360,73193.31299,182606.49791
   0.00100,  45.55556,   0.85556,   1.85494,1516.27662,2830489.01466,924770.69825,3756775.98953
   0.20067,  41.11111,   0.85556,   1.83541,271226.42371,2080247.04331,1109224.35855,3460697.82557
   0.53344,  14.44444,   0.95000,   1.20022,41941.14112,99142.54612,93966.31925,235050.00648
   0.40033,  50.00000,   0.47778,   1.72310,1165569.93139,2263226.90959,3035842.87802,6464639.71900
   0.46689,  23.33333,   0.10000,   0.58460,146305.00340,79685.99227,350510.86764,576501.86330
   0.00100,  36.66667,   0.28889,   1.14573, 790.62161,600885.23242,482196.77485,1083872.62889
   0.26722,  41.11111,   0.95000,   1.87927,384061.09819,2285785.89752,1284375.18179,3954222.17750
   0.13411,  27.77778,   0.95000,   1.66231,52507.18384,705099.71998,293225.36790,1050832.27172
   0.40033,  36.66667,   0.66667,   1.69351,459666.37090,1184216.07225,1197246.80671,2841129.24986
   0.33378,  14.44444,   0.57222,   0.86349,22094.97156,63480.79576,64057.80598,149633.57330
   0.26722,  41.11111,   0.47778,   1.59548,384061.09819,1258043.60336,1284375.18179,2926479.88334
   0.00100,  18.88889,   0.28889,   0.62021, 108.08703,82147.89389,65921.82227,148177.80319
   0.20067,  32.22222,   0.28889,   1.14875,130593.26033,407796.50234,534082.27503,1072472.03770
   0.53344,  45.55556,   0.19444,   1.31829,1315716.38649,872695.60029,2947774.49366,5136186.48044
   0.00100,  36.66667,   0.76111,   1.69136, 790.62161,1330040.65159,482196.77485,1813028.04805
   0.33378,  45.55556,   0.95000,   1.92172,693131.26366,3110155.54311,2009528.18080,5812814.98757
   0.53344,  14.44444,   0.66667,   0.98709,41941.14112,72396.68307,93966.31925,208304.14344
   0.46689,  18.88889,   0.85556,   1.36411,77615.47528,201770.01078,185947.62279,465333.10885
   0.53344,  18.88889,   0.19444,   0.65390,93790.19248,62209.67464,210130.64820,366130.51531
   0.60000,  36.66667,   0.76111,   1.76601,815106.12359,1330040.65159,1728545.84027,3873692.61545
   0.46689,  23.33333,   0.19444,   0.80029,146305.00340,117265.10244,350510.86764,614080.97347
   0.40033,  50.00000,   0.76111,   1.88919,1165569.93139,3372566.47247,3035842.87802,7573979.28188
   0.40033,  50.00000,   0.95000,   1.95445,1165569.93139,4112140.58003,3035842.87802,8313553.38944
   0.26722,  50.00000,   0.19444,   1.30795,690927.88996,1153848.07680,2310597.55454,4155373.52131
   0.20067,  27.77778,   0.28889,   1.02703,83665.61174,261258.07522,342164.06071,687087.74767
   0.13411,  36.66667,   0.57222,   1.58418,120764.84655,1038376.00602,674408.98503,1833549.83759
   0.60000,  27.77778,   0.95000,   1.70822,354398.88595,705099.71998,751552.10146,1811050.70739
   0.20067,  23.33333,   0.66667,   1.34391,49588.90958,305173.42444,202801.87185,557564.20587
   0.60000,  18.88889,   0.47778,   1.05441,111434.34343,122021.79170,236312.01535,469768.15049
   0.13411,  32.22222,   0.28889,   1.12002,81958.21660,407796.50234,457694.09931,947448.81825
   0.00100,  32.22222,   0.19444,   0.82872, 536.56291,308819.69737,327247.44696,636603.70724
   0.26722,  32.22222,   0.76111,   1.66623,184922.21478,902644.79209,618415.93524,1705982.94211
   0.60000,  18.88889,   0.95000,   1.43778,111434.34343,221705.90107,236312.01535,569452.25985
   0.00100,  45.55556,   0.10000,   0.76634,1516.27662,593029.07184,924770.69825,1519316.04671
   0.46689,  32.22222,   0.76111,   1.68392,385296.78423,902644.79209,923076.49778,2211018.07410
   0.06756,  23.33333,   0.66667,   1.30453,14701.12783,305173.42444,147667.76735,467542.31962
   0.53344,  18.88889,   0.95000,   1.43209,93790.19248,221705.90107,210130.64820,525626.74174
   0.33378,  32.22222,   0.76111,   1.67294,245277.49081,902644.79209,711109.21660,1859031.49949
   0.53344,  36.66667,   0.85556,   1.80724,686044.87511,1475882.26651,1537037.62082,3698964.76244
   0.26722,  14.44444,   0.76111,   1.01648,16658.07597,81311.62360,55707.85340,153677.55298
   0.06756,  27.77778,   0.76111,   1.52424,24803.50674,578286.57097,249142.68518,852232.76289
   0.33378,  18.88889,   0.38333,   0.88603,49409.51963,102083.78418,143248.22340,294741.52721
   0.13411,  14.44444,   0.38333,   0.60746,7382.92152,45649.87324,41229.78458,94262.57934
   0.53344,  32.22222,   0.66667,   1.63153,465590.90726,803679.54848,1043125.26240,2312395.71813
   0.40033,  23.33333,   0.76111,   1.45731,118456.38967,342752.53460,308531.45508,769740.37935
   0.40033,  27.77778,   0.47778,   1.34215,199857.71796,388070.55089,520549.31526,1108477.58411
   0.33378,  14.44444,   0.10000,   0.26355,22094.97156,18904.01020,64057.80598,105056.78773
   0.33378,  36.66667,   0.66667,   1.68824,361414.63015,1184216.07225,1047814.34965,2593445.05205
   0.60000,  32.22222,   0.38333,   1.37756,553179.55626,506761.74595,1173094.14471,2233035.44693
   0.40033,  14.44444,   0.66667,   0.96407,28101.56132,72396.68307,73193.31299,173691.55739
   0.26722,  18.88889,   0.95000,   1.39721,37251.35059,221705.90107,124575.77820,383533.02986
   0.33378,  18.88889,   0.57222,   1.10278,49409.51963,141957.89372,143248.22340,334615.63675
   0.13411,  10.00000,   0.38333,   0.37834,2449.77458,15147.37747,13680.71948,31277.87154
   0.40033,  32.22222,   0.76111,   1.68052,311956.97312,902644.79209,812522.98088,2027124.74609
   0.46689,  50.00000,   0.95000,   1.95846,1439590.66495,4112140.58003,3448905.78798,9000637.03296
   0.33378,  23.33333,   0.19444,   0.75715,93136.83787,117265.10244,270022.59195,480424.53226
   0.06756,  41.11111,   0.76111,   1.77230,80407.78391,1874684.17755,807668.50434,2762760.46580
   0.33378,  18.88889,   0.76111,   1.27163,49409.51963,181831.79153,143248.22340,374489.53456
   0.33378,  18.88889,   0.10000,   0.40343,49409.51963,42273.78435,143248.22340,234931.52738
   0.26722,  41.11111,   0.76111,   1.79701,384061.09819,1874684.17755,1284375.18179,3543120.45753
   0.20067,  45.55556,   0.10000,   0.93780,369044.34753,593029.07184,1509266.59012,2471340.00949
   0.26722,  41.11111,   0.66667,   1.74205,384061.09819,1669145.32334,1284375.18179,3337581.60332
   0.60000,  41.11111,   0.95000,   1.89619,1148887.10439,2285785.89752,2436374.80784,5871047.80974
   0.06756,  50.00000,   0.47778,   1.66958,144654.01661,2263226.90959,1452999.79124,3860880.71744
   0.00100,  14.44444,   0.28889,   0.44937,  48.33441,36734.93272,29478.95060,66262.21772
   0.20067,  50.00000,   0.47778,   1.69554,487937.73054,2263226.90959,1995500.32315,4746664.96328
   0.40033,  18.88889,   0.66667,   1.20624,62841.65798,161895.90124,163677.35190,388414.91112
   0.00100,  32.22222,   0.10000,   0.54644, 536.56291,209854.45376,327247.44696,537638.46363
   0.53344,  10.00000,   0.19444,   0.26163,13916.75926,9230.78461,31179.56758,54327.11145
   0.20067,  27.77778,   0.95000,   1.67245,83665.61174,705099.71998,342164.06071,1130929.39243
   0.40033,  45.55556,   0.10000,   1.02998,881561.24832,593029.07184,2296113.99983,3770704.31999
   0.53344,  36.66667,   0.57222,   1.64168,686044.87511,1038376.00602,1537037.62082,3261458.50195
   0.33378,  32.22222,   0.85556,   1.72589,245277.49081,1001621.59706,711109.21660,1958008.30447
   0.00100,  14.44444,   0.38333,   0.56284,  48.33441,45649.87324,29478.95060,75177.15824
   0.06756,  18.88889,   0.28889,   0.65213,7799.01574,82147.89389,78338.42781,168285.33744
   0.13411,  23.33333,   0.19444,   0.67081,31121.19708,117265.10244,173795.73226,322182.03178
   0.53344,  14.44444,   0.28889,   0.59446,41941.14112,36734.93272,93966.31925,172642.39308
   0.53344,  14.44444,   0.85556,   1.13527,41941.14112,90227.60559,93966.31925,226135.06596
   0.20067,  36.66667,   0.57222,   1.59819,192428.23599,1038376.00602,786966.41614,2017770.65815
   0.60000,  45.55556,   0.57222,   1.76474,1563233.72193,1991427.05676,3315054.40729,6869715.18598
   0.06756,  10.00000,   0.38333,   0.36575,1157.23213,15147.37747,11623.99833,27928.60794
   0.26722,  45.55556,   0.47778,   1.65619,522572.89483,1711757.55819,1747585.63145,3981916.08447
   0.60000,  14.44444,   0.85556,   1.14269,49831.26060,90227.60559,105674.11498,245732.98116
   0.46689,  45.55556,   0.57222,   1.75275,1088812.69968,1991427.05676,2608527.90546,5688767.66190
   0.33378,  45.55556,   0.76111,   1.84951,693131.26366,2550789.81488,2009528.18080,5253449.25933
   0.26722,  14.44444,   0.47778,   0.75145,16658.07597,54565.76055,55707.85340,126931.68993
   0.26722,  27.77778,   0.38333,   1.19652,118471.88885,324660.94629,396193.09141,839325.92655
   0.26722,  23.33333,   0.66667,   1.36159,70218.71546,305173.42444,234825.07305,610217.21295
   0.20067,  14.44444,   0.28889,   0.51132,11764.04065,36734.93272,48110.94829,96609.92166
   0.46689,  27.77778,   0.66667,   1.52657,246843.45172,514883.69990,591376.30585,1353103.45747
   0.46689,  36.66667,   0.66667,   1.70284,567732.05855,1184216.07225,1360146.62393,3112094.75473
   0.06756,  36.66667,   0.47778,   1.46772,57047.27366,892549.87799,573020.22210,1522617.37375
   0.60000,  23.33333,   0.66667,   1.40885,210053.49686,305173.42444,445447.63893,960674.56023
   0.33378,  18.88889,   0.19444,   0.59644,49409.51963,62209.67464,143248.22340,254867.41767
   0.60000,  18.88889,   0.66667,   1.23482,111434.34343,161895.90124,236312.01535,509642.26002
   0.33378,  36.66667,   0.38333,   1.42546,361414.63015,746709.81176,1047814.34965,2155938.79157
   0.06756,  23.33333,   0.95000,   1.52323,14701.12783,417915.14503,147667.76735,580284.04021
   0.53344,  14.44444,   0.10000,   0.30843,41941.14112,18904.01020,93966.31925,154811.47056
   0.00100,  45.55556,   0.28889,   1.31517,1516.27662,1152394.80007,924770.69825,2078681.77495
   0.33378,  32.22222,   0.57222,   1.53529,245277.49081,704703.79454,711109.21660,1661090.50194
   0.53344,  32.22222,   0.19444,   1.06816,465590.90726,308819.69737,1043125.26240,1817535.86702
   0.60000,  14.44444,   0.95000,   1.20563,49831.26060,99142.54612,105674.11498,254647.92169
   0.53344,  41.11111,   0.28889,   1.41157,966976.06267,846944.06626,2166445.14182,3980365.27075
   0.60000,  50.00000,   0.28889,   1.55096,2066853.80680,1523656.72903,4383050.80381,7973561.33963
   0.33378,  14.44444,   0.47778,   0.76900,22094.97156,54565.76055,64057.80598,140718.53809
   0.33378,  14.44444,   0.28889,   0.54746,22094.97156,36734.93272,64057.80598,122887.71025
   0.40033,  32.22222,   0.28889,   1.20921,311956.97312,407796.50234,812522.98088,1532276.45634
   0.20067,  41.11111,   0.66667,   1.73501,271226.42371,1669145.32334,1109224.35855,3049596.10560
   0.00100,  32.22222,   0.66667,   1.53453, 536.56291,803679.54848,327247.44696,1131463.55835
   0.46689,  50.00000,   0.38333,   1.64341,1439590.66495,1893422.18436,3448905.78798,6781918.63729
   0.60000,  10.00000,   0.76111,   0.74400,16534.83045,26980.53178,35064.40643,78579.76866
   0.53344,  23.33333,   0.38333,   1.11202,176794.31040,192427.71286,396095.81834,765317.84160
   0.13411,  50.00000,   0.85556,   1.90981,306221.82264,3742375.12470,1710089.93517,5758686.88251
   0.06756,  23.33333,   0.38333,   0.96893,14701.12783,192427.71286,147667.76735,354796.60804
   0.60000,  14.44444,   0.19444,   0.47808,49831.26060,27818.95072,105674.11498,183324.32630
   0.13411,  32.22222,   0.95000,   1.75219,81958.21660,1100586.84067,457694.09931,1640239.15658
   0.06756,  32.22222,   0.19444,   0.88048,38715.67716,308819.69737,388885.64693,736421.02146
   0.20067,  10.00000,   0.28889,   0.30705,3903.50184,12189.25383,15964.00259,32056.75826
   0.46689,  45.55556,   0.10000,   1.05408,1088812.69968,593029.07184,2608527.90546,4290369.67698
   0.40033,  27.77778,   0.10000,   0.68307,199857.71796,134444.92621,520549.31526,854851.95943
   0.13411,  36.66667,   0.38333,   1.37450,120764.84655,746709.81176,674408.98503,1541883.64333
   0.46689,  50.00000,   0.85556,   1.92955,1439590.66495,3742375.12470,3448905.78798,8630871.57763
   0.40033,  14.44444,   0.85556,   1.11609,28101.56132,90227.60559,73193.31299,191522.47990
   0.20067,  32.22222,   0.57222,   1.51219,130593.26033,704703.79454,534082.27503,1369379.32990
   0.13411,  10.00000,   0.28889,   0.29664,2449.77458,12189.25383,13680.71948,28319.74789
   0.53344,  32.22222,   0.85556,   1.74325,465590.90726,1001621.59706,1043125.26240,2510337.76671
   0.26722,  36.66667,   0.47778,   1.52100,272481.56218,892549.87799,911231.46188,2076262.90205
   0.46689,  50.00000,   0.76111,   1.89573,1439590.66495,3372566.47247,3448905.78798,8261062.92541
   0.40033,  36.66667,   0.28889,   1.30533,459666.37090,600885.23242,1197246.80671,2257798.41003
   0.26722,  50.00000,   0.28889,   1.48531,690927.88996,1523656.72903,2310597.55454,4525182.17353
   0.26722,  41.11111,   0.10000,   0.90122,384061.09819,435842.34629,1284375.18179,2104278.62627
   0.20067,  23.33333,   0.85556,   1.49237,49588.90958,380336.03486,202801.87185,632726.81629
   0.06756,  14.44444,   0.10000,   0.20407,3487.56742,18904.01020,35031.41393,57422.99155
   0.06756,  27.77778,   0.38333,   1.11934,24803.50674,324660.94629,249142.68518,598607.13821
   0.46689,  10.00000,   0.57222,   0.58758,11516.72532,21063.97034,27591.24630,60171.94196
   0.40033,  14.44444,   0.19444,   0.43307,28101.56132,27818.95072,73193.31299,129113.82504
   0.20067,  36.66667,   0.10000,   0.78482,192428.23599,309219.03816,786966.41614,1288613.69030
   0.13411,  32.22222,   0.38333,   1.27333,81958.21660,506761.74595,457694.09931,1046414.06186
   0.13411,  23.33333,   0.38333,   0.99973,31121.19708,192427.71286,173795.73226,397344.64220
   0.40033,  18.88889,   0.19444,   0.61710,62841.65798,62209.67464,163677.35190,288728.68452
   0.46689,  32.22222,   0.38333,   1.35701,385296.78423,506761.74595,923076.49778,1815135.02796
   0.60000,  27.77778,   0.19444,   0.97066,354398.88595,197847.79728,751552.10146,1303798.78469
   0.13411,  10.00000,   0.76111,   0.66932,2449.77458,26980.53178,13680.71948,43111.02584
   0.53344,  10.00000,   0.47778,   0.52070,13916.75926,18105.81528,31179.56758,63202.14211
   0.60000,  23.33333,   0.19444,   0.83348,210053.49686,117265.10244,445447.63893,772766.23823
   0.06756,  14.44444,   0.47778,   0.69137,3487.56742,54565.76055,35031.41393,93084.74191
   0.60000,  27.77778,   0.57222,   1.46209,354398.88595,451474.09531,751552.10146,1557425.08272
   0.06756,  50.00000,   0.66667,   1.81204,144654.01661,3002801.01715,1452999.79124,4600454.82499
   0.33378,  45.55556,   0.19444,   1.26428,693131.26366,872695.60029,2009528.18080,3575355.04475
   0.53344,  27.77778,   0.76111,   1.59808,298284.52077,578286.57097,668286.50247,1544857.59421
   0.00100,  41.11111,   0.47778,   1.52110,1114.37633,1258043.60336,679653.41000,1938811.38969
   0.33378,  36.66667,   0.47778,   1.53371,361414.63015,892549.87799,1047814.34965,2301778.85780
   0.40033,  18.88889,   0.85556,   1.35417,62841.65798,201770.01078,163677.35190,428289.02066
   0.60000,  10.00000,   0.66667,   0.67766,16534.83045,24022.40814,35064.40643,75621.64502
   0.13411,  50.00000,   0.95000,   1.94308,306221.82264,4112140.58003,1710089.93517,6128452.33783
   0.13411,  10.00000,   0.10000,   0.11963,2449.77458,6272.66097,13680.71948,22403.15503
   0.20067,  27.77778,   0.38333,   1.17543,83665.61174,324660.94629,342164.06071,750490.61874
   0.53344,  27.77778,   0.10000,   0.72878,298284.52077,134444.92621,668286.50247,1101015.94945
   0.00100,  18.88889,   0.57222,   0.99175, 108.08703,141957.89372,65921.82227,207987.80301
   0.60000,  32.22222,   0.10000,   0.85365,553179.55626,209854.45376,1173094.14471,1936128.15474
   0.53344,  27.77778,   0.57222,   1.45631,298284.52077,451474.09531,668286.50247,1418045.11855
   0.20067,  36.66667,   0.76111,   1.73183,192428.23599,1330040.65159,786966.41614,2309435.30372
   0.33378,  10.00000,   0.76111,   0.70758,7331.47434,26980.53178,21255.43180,55567.43792
   0.46689,  36.66667,   0.95000,   1.84365,567732.05855,1621706.84584,1360146.62393,3549585.52833
   0.00100,  27.77778,   0.28889,   0.91824, 343.75330,261258.07522,209653.68174,471255.51026
   0.60000,  27.77778,   0.28889,   1.13392,354398.88595,261258.07522,751552.10146,1367209.06263
   0.26722,  27.77778,   0.47778,   1.31644,118471.88885,388070.55089,396193.09141,902735.53114
   0.20067,  10.00000,   0.85556,   0.74808,3903.50184,29939.00100,15964.00259,49806.50543
   0.06756,  50.00000,   0.57222,   1.75026,144654.01661,2632996.29191,1452999.79124,4230650.09975
   0.53344,  18.88889,   0.10000,   0.46480,93790.19248,42273.78435,210130.64820,346194.62502
   0.26722,  45.55556,   0.66667,   1.79350,522572.89483,2271123.28642,1747585.63145,4541281.81270
   0.00100,  50.00000,   0.95000,   1.92850,2004.76875,4112140.58003,1222699.97843,5336845.32721
   0.06756,  18.88889,   0.38333,   0.79196,7799.01574,102083.78418,78338.42781,188221.22773
   0.53344,  18.88889,   0.85556,   1.37087,93790.19248,201770.01078,210130.64820,505690.85145
   0.06756,  14.44444,   0.95000,   1.10841,3487.56742,99142.54612,35031.41393,137661.52747
   0.60000,  18.88889,   0.19444,   0.67078,111434.34343,62209.67464,236312.01535,409956.03342
   0.60000,  23.33333,   0.10000,   0.62507,210053.49686,79685.99227,445447.63893,735187.12806
   0.33378,  10.00000,   0.95000,   0.83382,7331.47434,32897.12464,21255.43180,61484.03078
   0.06756,  45.55556,   0.38333,   1.50504,109406.88501,1432061.32853,1098954.49023,2640422.70376
   0.40033,  41.11111,   0.85556,   1.85081,647896.94319,2080247.04331,1687512.06400,4415656.05049
   0.33378,  18.88889,   0.28889,   0.75322,49409.51963,82147.89389,143248.22340,274805.63692
   0.26722,  14.44444,   0.10000,   0.24795,16658.07597,18904.01020,55707.85340,91269.93957
   0.60000,  27.77778,   0.85556,   1.65871,354398.88595,641696.84891,751552.10146,1747647.83633
   0.26722,  45.55556,   0.76111,   1.84357,522572.89483,2550789.81488,1747585.63145,4820948.34116
   0.13411,  27.77778,   0.76111,   1.54290,52507.18384,578286.57097,293225.36790,924019.12270
   0.33378,  32.22222,   0.28889,   1.19179,245277.49081,407796.50234,711109.21660,1364183.20975
   0.20067,  18.88889,   0.28889,   0.70750,26307.14396,82147.89389,107587.32310,216042.36095
   0.20067,  10.00000,   0.38333,   0.38909,3903.50184,15147.37747,15964.00259,35014.88190
   0.06756,  41.11111,   0.38333,   1.43271,80407.78391,1052482.92047,807668.50434,1940559.20873
   0.40033,  36.66667,   0.76111,   1.75071,459666.37090,1330040.65159,1197246.80671,2986953.82920
   0.13411,  32.22222,   0.47778,   1.39585,81958.21660,605737.49989,457694.09931,1145389.81580
   0.33378,  18.88889,   0.95000,   1.40683,49409.51963,221705.90107,143248.22340,414363.64410
   0.46689,  27.77778,   0.95000,   1.69954,246843.45172,705099.71998,591376.30585,1543319.47756
   0.40033,  36.66667,   0.57222,   1.62768,459666.37090,1038376.00602,1197246.80671,2695289.18363
   0.06756,  10.00000,   0.10000,   0.11412,1157.23213,6272.66097,11623.99833,19053.89143
   0.06756,  36.66667,   0.85556,   1.76439,57047.27366,1475882.26651,573020.22210,2105949.76227
   0.00100,  32.22222,   0.47778,   1.33885, 536.56291,605737.49989,327247.44696,933521.50976
   0.06756,  36.66667,   0.95000,   1.80825,57047.27366,1621706.84584,573020.22210,2251774.34160
   0.00100,  23.33333,   0.47778,   1.06486, 203.74382,230010.81401,124262.49270,354477.05053
   0.06756,  18.88889,   0.47778,   0.91301,7799.01574,122021.79170,78338.42781,208159.23525
   0.40033,  45.55556,   0.57222,   1.74823,881561.24832,1991427.05676,2296113.99983,5169102.30492
   0.20067,  14.44444,   0.95000,   1.14400,11764.04065,99142.54612,48110.94829,159017.53506
   0.20067,  50.00000,   0.76111,   1.87790,487937.73054,3372566.47247,1995500.32315,5856004.52616
   0.13411,  18.88889,   0.47778,   0.93970,16509.93778,122021.79170,92199.43302,230731.16251
   0.13411,  32.22222,   0.57222,   1.49409,81958.21660,704703.79454,457694.09931,1244356.11044
   0.53344,  45.55556,   0.95000,   1.93139,1315716.38649,3110155.54311,2947774.49366,7373646.42326
   0.60000,  36.66667,   0.19444,   1.17996,815106.12359,455043.61750,1728545.84027,2998695.58136
   0.20067,  18.88889,   0.66667,   1.16030,26307.14396,161895.90124,107587.32310,295790.36830
   0.13411,  41.11111,   0.47778,   1.56817,170217.31385,1258043.60336,950575.34664,2378836.26385
   0.40033,  36.66667,   0.10000,   0.87903,459666.37090,309219.03816,1197246.80671,1966132.21577
   0.53344,  50.00000,   0.66667,   1.85507,1739594.90761,3002801.01715,3897445.94704,8639841.87179
   0.00100,  23.33333,   0.85556,   1.43601, 203.74382,380336.03486,124262.49270,504802.27138
   0.33378,  36.66667,   0.76111,   1.74696,361414.63015,1330040.65159,1047814.34965,2739269.63139
   0.46689,  18.88889,   0.10000,   0.44519,77615.47528,42273.78435,185947.62279,305836.88242
   0.00100,  50.00000,   0.57222,   1.73247,2004.76875,2632996.29191,1222699.97843,3857701.03909
   0.46689,  10.00000,   0.66667,   0.65800,11516.72532,24022.40814,27591.24630,63130.37976
   0.40033,  18.88889,   0.10000,   0.42587,62841.65798,42273.78435,163677.35190,268792.79423
   0.06756,  45.55556,   0.28889,   1.35582,109406.88501,1152394.80007,1098954.49023,2360756.17531
   0.53344,  41.11111,   0.66667,   1.76754,966976.06267,1669145.32334,2166445.14182,4802566.52783
   0.20067,  14.44444,   0.19444,   0.38271,11764.04065,27818.95072,48110.94829,87693.93967
   0.60000,  14.44444,   0.38333,   0.71903,49831.26060,45649.87324,105674.11498,201155.24881
   0.60000,  36.66667,   0.28889,   1.34460,815106.12359,600885.23242,1728545.84027,3144537.19628
   0.26722,  14.44444,   0.57222,   0.84828,16658.07597,63480.79576,55707.85340,135846.72514
   0.60000,  45.55556,   0.47778,   1.69695,1563233.72193,1711757.55819,3315054.40729,6590045.68740
   0.00100,  14.44444,   0.47778,   0.66647,  48.33441,54565.76055,29478.95060,84093.04556
   0.20067,  10.00000,   0.95000,   0.81131,3903.50184,32897.12464,15964.00259,52764.62907
   0.40033,  23.33333,   0.47778,   1.20172,118456.38967,230010.81401,308531.45508,656998.65876
   0.20067,  23.33333,   0.57222,   1.25558,49588.90958,267590.32328,202801.87185,519981.10472
   0.46689,  45.55556,   0.19444,   1.30184,1088812.69968,872695.60029,2608527.90546,4570036.20543
   0.60000,  45.55556,   0.76111,   1.86615,1563233.72193,2550789.81488,3315054.40729,7429077.94409
   0.26722,  41.11111,   0.19444,   1.17032,384061.09819,641381.20050,1284375.18179,2309817.48048
   0.26722,  36.66667,   0.85556,   1.78952,272481.56218,1475882.26651,911231.46188,2659595.29056
   0.53344,  23.33333,   0.85556,   1.53525,176794.31040,380336.03486,396095.81834,953226.16360
   0.53344,  45.55556,   0.47778,   1.69035,1315716.38649,1711757.55819,2947774.49366,5975248.43834
   0.40033,  23.33333,   0.66667,   1.38530,118456.38967,305173.42444,308531.45508,732161.26918
   0.00100,  36.66667,   0.85556,   1.74652, 790.62161,1475882.26651,482196.77485,1958869.66297
   0.13411,  14.44444,   0.66667,   0.90003,7382.92152,72396.68307,41229.78458,121009.38917
   0.46689,  41.11111,   0.76111,   1.81358,800214.87012,1874684.17755,1917118.36174,4592017.40941
   0.53344,  32.22222,   0.47778,   1.47423,465590.90726,605737.49989,1043125.26240,2114453.66955
   0.13411,  50.00000,   0.38333,   1.58530,306221.82264,1893422.18436,1710089.93517,3909733.94216
   0.06756,  27.77778,   0.66667,   1.44633,24803.50674,514883.69990,249142.68518,788829.89182
   0.00100,  18.88889,   0.47778,   0.88200, 108.08703,122021.79170,65921.82227,188051.70100
   0.46689,  10.00000,   0.47778,   0.51122,11516.72532,18105.81528,27591.24630,57213.78690
   0.00100,  10.00000,   0.76111,   0.63850,  16.03815,26980.53178,9781.59983,36778.16976
   0.33378,  41.11111,   0.19444,   1.19298,509411.71450,641381.20050,1476887.92817,2627680.84317
   0.53344,  36.66667,   0.38333,   1.45958,686044.87511,746709.81176,1537037.62082,2969792.30770
   0.20067,  41.11111,   0.19444,   1.14545,271226.42371,641381.20050,1109224.35855,2021831.98276
   0.06756,  27.77778,   0.85556,   1.59058,24803.50674,641696.84891,249142.68518,915643.04084
   0.26722,  32.22222,   0.38333,   1.31520,184922.21478,506761.74595,618415.93524,1310099.89597
   0.13411,  27.77778,   0.28889,   0.99637,52507.18384,261258.07522,293225.36790,606990.62696
   0.40033,  36.66667,   0.47778,   1.54454,459666.37090,892549.87799,1197246.80671,2549463.05560
   0.26722,  36.66667,   0.38333,   1.41329,272481.56218,746709.81176,911231.46188,1930422.83582
   0.00100,  18.88889,   0.38333,   0.75884, 108.08703,102083.78418,65921.82227,168113.69348
   0.06756,  27.77778,   0.19444,   0.76458,24803.50674,197847.79728,249142.68518,471793.98920
   0.46689,  14.44444,   0.95000,   1.19041,34708.12369,99142.54612,83152.14290,217002.81271
   0.06756,  45.55556,   0.10000,   0.83895,109406.88501,593029.07184,1098954.49023,1801390.44707
   0.53344,  18.88889,   0.38333,   0.93346,93790.19248,102083.78418,210130.64820,406004.62485
   0.13411,  18.88889,   0.19444,   0.52162,16509.93778,62209.67464,92199.43302,170919.04544
   0.06756,  36.66667,   0.38333,   1.34507,57047.27366,746709.81176,573020.22210,1376777.30752
   0.53344,  41.11111,   0.19444,   1.24619,966976.06267,641381.20050,2166445.14182,3774802.40499
   0.40033,  36.66667,   0.38333,   1.43792,459666.37090,746709.81176,1197246.80671,2403622.98937
   0.33378,  32.22222,   0.10000,   0.76001,245277.49081,209854.45376,711109.21660,1166241.16116
   0.46689,  14.44444,   0.10000,   0.29329,34708.12369,18904.01020,83152.14290,136764.27679
   0.06756,  50.00000,   0.10000,   0.90540,144654.01661,784082.62147,1452999.79124,2381736.42932
   0.60000,  41.11111,   0.76111,   1.82013,1148887.10439,1874684.17755,2436374.80784,5459946.08977
   0.33378,  27.77778,   0.85556,   1.63701,157138.97686,641696.84891,455577.77993,1254413.60571
   0.00100,  27.77778,   0.10000,   0.46112, 343.75330,134444.92621,209653.68174,344442.36124
   0.06756,  45.55556,   0.19444,   1.14917,109406.88501,872695.60029,1098954.49023,2081056.97553
   0.13411,  23.33333,   0.28889,   0.85119,31121.19708,154848.60269,173795.73226,359765.53203
   0.20067,  32.22222,   0.76111,   1.65592,130593.26033,902644.79209,534082.27503,1567320.32745
   0.53344,  36.66667,   0.95000,   1.84626,686044.87511,1621706.84584,1537037.62082,3844789.34178
   0.40033,  10.00000,   0.85556,   0.78313,9324.55945,29939.00100,24286.74302,63550.30347
   0.00100,  50.00000,   0.28889,   1.38396,2004.76875,1523656.72903,1222699.97843,2748361.47621
   0.53344,  41.11111,   0.47778,   1.63083,966976.06267,1258043.60336,2166445.14182,4391464.80785
   0.53344,  23.33333,   0.10000,   0.60581,176794.31040,79685.99227,396095.81834,652576.12101
   0.53344,  41.11111,   0.85556,   1.85948,966976.06267,2080247.04331,2166445.14182,5213668.24780
   0.40033,  41.11111,   0.19444,   1.21170,647896.94319,641381.20050,1687512.06400,2976790.20768
   0.60000,  18.88889,   0.28889,   0.81904,111434.34343,82147.89389,236312.01535,429894.25267
   0.53344,  36.66667,   0.76111,   1.76095,686044.87511,1330040.65159,1537037.62082,3553123.14752
   0.20067,  45.55556,   0.95000,   1.91446,369044.34753,3110155.54311,1509266.59012,4988466.48077
   0.53344,  23.33333,   0.28889,   0.98042,176794.31040,154848.60269,396095.81834,727738.73143
   0.13411,  41.11111,   0.57222,   1.65515,170217.31385,1463584.64044,950575.34664,2584377.30093
   0.40033,  10.00000,   0.95000,   0.84386,9324.55945,32897.12464,24286.74302,66508.42712
   0.20067,  18.88889,   0.95000,   1.38361,26307.14396,221705.90107,107587.32310,355600.36813
   0.60000,  50.00000,   0.10000,   1.16074,2066853.80680,784082.62147,4383050.80381,7233987.23208
   0.53344,  27.77778,   0.85556,   1.65376,298284.52077,641696.84891,668286.50247,1608267.87215
   0.46689,  45.55556,   0.47778,   1.68217,1088812.69968,1711757.55819,2608527.90546,5409098.16333
   0.06756,  45.55556,   0.66667,   1.76828,109406.88501,2271123.28642,1098954.49023,3479484.66166
   0.13411,  41.11111,   0.66667,   1.72560,170217.31385,1669145.32334,950575.34664,2789937.98383
   0.13411,  50.00000,   0.66667,   1.82252,306221.82264,3002801.01715,1710089.93517,5019112.77495
   0.20067,  18.88889,   0.76111,   1.24295,26307.14396,181831.79153,107587.32310,315726.25859
   0.13411,  27.77778,   0.10000,   0.55155,52507.18384,134444.92621,293225.36790,480177.47795
   0.00100,  18.88889,   0.76111,   1.17789, 108.08703,181831.79153,65921.82227,247861.70083
   0.26722,  14.44444,   0.85556,   1.08839,16658.07597,90227.60559,55707.85340,162593.53497
   0.33378,  10.00000,   0.47778,   0.49072,7331.47434,18105.81528,21255.43180,46692.72142
   0.26722,  27.77778,   0.10000,   0.62559,118471.88885,134444.92621,396193.09141,649109.90647
   0.46689,  18.88889,   0.66667,   1.21628,77615.47528,161895.90124,185947.62279,425458.99931
   0.13411,  32.22222,   0.10000,   0.65247,81958.21660,209854.45376,457694.09931,749506.76966
   0.40033,  18.88889,   0.57222,   1.11761,62841.65798,141957.89372,163677.35190,368476.90360
   0.00100,  14.44444,   0.57222,   0.76406,  48.33441,63480.79576,29478.95060,93008.08076
   0.53344,  36.66667,   0.66667,   1.70628,686044.87511,1184216.07225,1537037.62082,3407298.56818
   0.60000,  41.11111,   0.19444,   1.26214,1148887.10439,641381.20050,2436374.80784,4226643.11272
   0.53344,  36.66667,   0.47778,   1.56104,686044.87511,892549.87799,1537037.62082,3115632.37393
   0.00100,  14.44444,   0.95000,   1.08672,  48.33441,99142.54612,29478.95060,128669.83112
   0.46689,  10.00000,   0.85556,   0.79257,11516.72532,29939.00100,27591.24630,69046.97262
   0.60000,  10.00000,   0.19444,   0.27006,16534.83045,9230.78461,35064.40643,60830.02150
   0.40033,  32.22222,   0.95000,   1.77717,311956.97312,1100586.84067,812522.98088,2225066.79467
   0.00100,  36.66667,   0.47778,   1.43964, 790.62161,892549.87799,482196.77485,1375537.27445
   0.06756,  14.44444,   0.76111,   0.96136,3487.56742,81311.62360,35031.41393,119830.60495
   0.13411,  41.11111,   0.10000,   0.82145,170217.31385,435842.34629,950575.34664,1556635.00678
   0.53344,  45.55556,   0.85556,   1.89902,1315716.38649,2830489.01466,2947774.49366,7093979.89481
   0.06756,  10.00000,   0.57222,   0.51610,1157.23213,21063.97034,11623.99833,33845.20080
   0.40033,  27.77778,   0.66667,   1.51795,199857.71796,514883.69990,520549.31526,1235290.73312
   0.26722,  27.77778,   0.76111,   1.56925,118471.88885,578286.57097,396193.09141,1092951.55123
   0.26722,  36.66667,   0.95000,   1.82983,272481.56218,1621706.84584,911231.46188,2805419.86990
   0.60000,  23.33333,   0.28889,   0.99309,210053.49686,154848.60269,445447.63893,810349.73848
   0.00100,  45.55556,   0.47778,   1.59061,1516.27662,1711757.55819,924770.69825,2638044.53306
   0.00100,  18.88889,   0.85556,   1.25674, 108.08703,201770.01078,65921.82227,267799.92008
   0.26722,  36.66667,   0.57222,   1.60874,272481.56218,1038376.00602,911231.46188,2222089.03007
   0.20067,  41.11111,   0.47778,   1.58379,271226.42371,1258043.60336,1109224.35855,2638494.38563
   0.06756,  32.22222,   0.28889,   1.08540,38715.67716,407796.50234,388885.64693,835397.82643
   0.13411,  45.55556,   0.76111,   1.83116,231606.25970,2550789.81488,1293400.74532,4075796.81990
   0.13411,  41.11111,   0.76111,   1.78430,170217.31385,1874684.17755,950575.34664,2995476.83804
   0.00100,  41.11111,   0.57222,   1.61708,1114.37633,1463584.64044,679653.41000,2144352.42677
   0.13411,  36.66667,   0.85556,   1.77305,120764.84655,1475882.26651,674408.98503,2271056.09808
   0.20067,  23.33333,   0.10000,   0.47760,49588.90958,79685.99227,202801.87185,332076.77371
   0.60000,  32.22222,   0.47778,   1.48275,553179.55626,605737.49989,1173094.14471,2332011.20087
   0.06756,  14.44444,   0.19444,   0.34577,3487.56742,27818.95072,35031.41393,66337.93208
   0.00100,  45.55556,   0.76111,   1.80979,1516.27662,2550789.81488,924770.69825,3477076.78975
   0.46689,  41.11111,   0.38333,   1.52499,800214.87012,1052482.92047,1917118.36174,3769816.15233
   0.33378,  23.33333,   0.95000,   1.57124,93136.83787,417915.14503,270022.59195,781074.57485
   0.53344,  14.44444,   0.38333,   0.70764,41941.14112,45649.87324,93966.31925,181557.33361
   0.26722,  10.00000,   0.57222,   0.55425,5527.42312,21063.97034,18484.78044,45076.17389
   0.33378,  10.00000,   0.57222,   0.56600,7331.47434,21063.97034,21255.43180,49650.87648
   0.00100,  50.00000,   0.10000,   0.83044,2004.76875,784082.62147,1222699.97843,2008787.36866
   0.06756,  41.11111,   0.28889,   1.27935,80407.78391,846944.06626,807668.50434,1735020.35451
   0.06756,  14.44444,   0.85556,   1.03935,3487.56742,90227.60559,35031.41393,128746.58694
   0.33378,  50.00000,   0.28889,   1.49977,916434.29309,1523656.72903,2656928.97491,5097019.99703
   0.13411,  18.88889,   0.57222,   1.04700,16509.93778,141957.89372,92199.43302,250667.26452
   0.33378,  50.00000,   0.76111,   1.88546,916434.29309,3372566.47247,2656928.97491,6945929.74048
   0.33378,  23.33333,   0.47778,   1.18655,93136.83787,230010.81401,270022.59195,593170.24383
   0.33378,  41.11111,   0.95000,   1.88250,509411.71450,2285785.89752,1476887.92817,4272085.54019
   0.33378,  10.00000,   0.66667,   0.63880,7331.47434,24022.40814,21255.43180,52609.31428
   0.53344,  45.55556,   0.38333,   1.60019,1315716.38649,1432061.32853,2947774.49366,5695552.20868
   0.20067,  45.55556,   0.38333,   1.54351,369044.34753,1432061.32853,1509266.59012,3310372.26619
   0.26722,  45.55556,   0.10000,   0.97279,522572.89483,593029.07184,1747585.63145,2863187.59812
   0.13411,  10.00000,   0.47778,   0.45550,2449.77458,18105.81528,13680.71948,34236.30934
   0.46689,  32.22222,   0.10000,   0.81229,385296.78423,209854.45376,923076.49778,1518227.73577
   0.33378,  41.11111,   0.47778,   1.60645,509411.71450,1258043.60336,1476887.92817,3244343.24603
   0.33378,  36.66667,   0.10000,   0.85140,361414.63015,309219.03816,1047814.34965,1718448.01797
   0.20067,  36.66667,   0.38333,   1.39517,192428.23599,746709.81176,786966.41614,1726104.46389
   0.26722,  32.22222,   0.66667,   1.60049,184922.21478,803679.54848,618415.93524,1607017.69850
   0.26722,  10.00000,   0.19444,   0.22763,5527.42312,9230.78461,18484.78044,33242.98817
   0.26722,  36.66667,   0.66667,   1.68015,272481.56218,1184216.07225,911231.46188,2367929.09630
   0.20067,  27.77778,   0.19444,   0.83964,83665.61174,197847.79728,342164.06071,623677.46973
   0.33378,  14.44444,   0.66667,   0.95107,22094.97156,72396.68307,64057.80598,158549.46061
   0.00100,  14.44444,   0.66667,   0.85414,  48.33441,72396.68307,29478.95060,101923.96808
   0.20067,  50.00000,   0.38333,   1.59999,487937.73054,1893422.18436,1995500.32315,4376860.23804
   0.20067,  45.55556,   0.28889,   1.40682,369044.34753,1152394.80007,1509266.59012,3030705.73773
   0.40033,  45.55556,   0.85556,   1.89030,881561.24832,2830489.01466,2296113.99983,6008164.26281
   0.46689,  36.66667,   0.47778,   1.55193,567732.05855,892549.87799,1360146.62393,2820428.56047
   0.13411,  23.33333,   0.95000,   1.53987,31121.19708,417915.14503,173795.73226,622832.07437
   0.20067,  23.33333,   0.19444,   0.70174,49588.90958,117265.10244,202801.87185,369655.88387
   0.40033,  14.44444,   0.57222,   0.87762,28101.56132,63480.79576,73193.31299,164775.67007
   0.13411,  27.77778,   0.66667,   1.46679,52507.18384,514883.69990,293225.36790,860616.25164
   0.33378,  50.00000,   0.85556,   1.92222,916434.29309,3742375.12470,2656928.97491,7315738.39270
   0.20067,  45.55556,   0.47778,   1.64426,369044.34753,1711757.55819,1509266.59012,3590068.49584
   0.60000,  32.22222,   0.85556,   1.74493,553179.55626,1001621.59706,1173094.14471,2727895.29804
   0.46689,  36.66667,   0.57222,   1.63347,567732.05855,1038376.00602,1360146.62393,2966254.68850
   0.13411,  41.11111,   0.28889,   1.31022,170217.31385,846944.06626,950575.34664,1967736.72675
   0.00100,  14.44444,   0.85556,   1.01692,  48.33441,90227.60559,29478.95060,119754.89059
   0.40033,  27.77778,   0.19444,   0.91606,199857.71796,197847.79728,520549.31526,918254.83050
   0.00100,  18.88889,   0.95000,   1.32836, 108.08703,221705.90107,65921.82227,287735.81037
   0.33378,  23.33333,   0.28889,   0.92716,93136.83787,154848.60269,270022.59195,518008.03251
   0.26722,  32.22222,   0.10000,   0.73004,184922.21478,209854.45376,618415.93524,1013192.60378
   0.46689,  36.66667,   0.76111,   1.75482,567732.05855,1330040.65159,1360146.62393,3257919.33407
   0.33378,  45.55556,   0.28889,   1.44125,693131.26366,1152394.80007,2009528.18080,3855054.24453
   0.13411,  50.00000,   0.47778,   1.68504,306221.82264,2263226.90959,1710089.93517,4279538.66740
   0.40033,  41.11111,   0.76111,   1.80802,647896.94319,1874684.17755,1687512.06400,4210093.18473
   0.06756,  45.55556,   0.95000,   1.90297,109406.88501,3110155.54311,1098954.49023,4318516.91835
   0.40033,  45.55556,   0.19444,   1.28333,881561.24832,872695.60029,2296113.99983,4050370.84845
   0.13411,  36.66667,   0.76111,   1.72186,120764.84655,1330040.65159,674408.98503,2125214.48316
   0.53344,  10.00000,   0.66667,   0.66888,13916.75926,24022.40814,31179.56758,69118.73497
   0.46689,  32.22222,   0.47778,   1.46402,385296.78423,605737.49989,923076.49778,1914110.78190
   0.33378,  36.66667,   0.19444,   1.10776,361414.63015,455043.61750,1047814.34965,1864272.59731
   0.46689,  18.88889,   0.76111,   1.29371,77615.47528,181831.79153,185947.62279,445394.88960
   0.40033,  14.44444,   0.95000,   1.18021,28101.56132,99142.54612,73193.31299,200437.42043
   0.20067,  32.22222,   0.66667,   1.59025,130593.26033,803679.54848,534082.27503,1468355.08384
   0.33378,  18.88889,   0.47778,   1.00178,49409.51963,122021.79170,143248.22340,314679.53474
   0.13411,  18.88889,   0.95000,   1.36854,16509.93778,221705.90107,92199.43302,330415.27187
   0.00100,  50.00000,   0.38333,   1.53606,2004.76875,1893422.18436,1222699.97843,3118126.93154
   0.06756,  41.11111,   0.47778,   1.54818,80407.78391,1258043.60336,807668.50434,2146119.89162
   0.60000,  10.00000,   0.95000,   0.87060,16534.83045,32897.12464,35064.40643,84496.36153
   0.26722,  50.00000,   0.10000,   1.03564,690927.88996,784082.62147,2310597.55454,3785608.06598
   0.40033,  41.11111,   0.57222,   1.69350,647896.94319,1463584.64044,1687512.06400,3798993.64763
   0.20067,  32.22222,   0.19444,   0.95684,130593.26033,308819.69737,534082.27503,973495.23273
   0.40033,  18.88889,   0.28889,   0.77207,62841.65798,82147.89389,163677.35190,308666.90377
   0.46689,  27.77778,   0.19444,   0.93618,246843.45172,197847.79728,591376.30585,1036067.55485
   0.46689,  45.55556,   0.95000,   1.92829,1088812.69968,3110155.54311,2608527.90546,6807496.14825
   0.46689,  27.77778,   0.38333,   1.24346,246843.45172,324660.94629,591376.30585,1162880.70387
   0.00100,  10.00000,   0.85556,   0.70374,  16.03815,29939.00100,9781.59983,39736.63898
   0.06756,  10.00000,   0.66667,   0.58735,1157.23213,24022.40814,11623.99833,36803.63860
   0.53344,  32.22222,   0.10000,   0.83496,465590.90726,209854.45376,1043125.26240,1718570.62341
   0.33378,  41.11111,   0.76111,   1.80200,509411.71450,1874684.17755,1476887.92817,3860983.82022
   0.26722,  45.55556,   0.95000,   1.91922,522572.89483,3110155.54311,1747585.63145,5380314.06940
   0.53344,  27.77778,   0.38333,   1.25625,298284.52077,324660.94629,668286.50247,1291231.96953
   0.06756,  50.00000,   0.28889,   1.42250,144654.01661,1523656.72903,1452999.79124,3121310.53687
   0.26722,  41.11111,   0.85556,   1.84420,384061.09819,2080247.04331,1284375.18179,3748683.32329
   0.40033,  36.66667,   0.85556,   1.79916,459666.37090,1475882.26651,1197246.80671,3132795.44412
   0.26722,  27.77778,   0.66667,   1.49878,118471.88885,514883.69990,396193.09141,1029548.68016
   0.13411,  14.44444,   0.85556,   1.05656,7382.92152,90227.60559,41229.78458,138840.31168
   0.53344,  23.33333,   0.76111,   1.47290,176794.31040,342752.53460,396095.81834,915642.66335
   0.33378,  50.00000,   0.10000,   1.06471,916434.29309,784082.62147,2656928.97491,4357445.88948
   0.20067,  41.11111,   0.38333,   1.47561,271226.42371,1052482.92047,1109224.35855,2432933.70274
   0.26722,  50.00000,   0.76111,   1.88247,690927.88996,3372566.47247,2310597.55454,6374091.91698
   0.13411,  14.44444,   0.95000,   1.12793,7382.92152,99142.54612,41229.78458,147755.25221
   0.33378,  50.00000,   0.66667,   1.83905,916434.29309,3002801.01715,2656928.97491,6576164.28515
   0.33378,  23.33333,   0.85556,   1.51458,93136.83787,380336.03486,270022.59195,743495.46468
   0.06756,  23.33333,   0.10000,   0.40711,14701.12783,79685.99227,147667.76735,242054.88745
   0.33378,  27.77778,   0.38333,   1.21396,157138.97686,324660.94629,455577.77993,937377.70308
   0.20067,  45.55556,   0.66667,   1.78732,369044.34753,2271123.28642,1509266.59012,4149434.22408
   0.26722,  18.88889,   0.19444,   0.57411,37251.35059,62209.67464,124575.77820,224036.80343
   0.26722,  32.22222,   0.47778,   1.43048,184922.21478,605737.49989,618415.93524,1409075.64991
   0.33378,  27.77778,   0.10000,   0.65624,157138.97686,134444.92621,455577.77993,747161.68300
   0.53344,  41.11111,   0.95000,   1.89358,966976.06267,2285785.89752,2166445.14182,5419207.10201
   0.40033,  27.77778,   0.85556,   1.64373,199857.71796,641696.84891,520549.31526,1362103.88214
   0.53344,  50.00000,   0.57222,   1.80293,1739594.90761,2632996.29191,3897445.94704,8270037.14656
   0.26722,  10.00000,   0.10000,   0.13136,5527.42312,6272.66097,18484.78044,30284.86453
   0.00100,  50.00000,   0.85556,   1.89483,2004.76875,3742375.12470,1222699.97843,4967079.87188
   0.26722,  18.88889,   0.57222,   1.08789,37251.35059,141957.89372,124575.77820,303785.02251
   0.60000,  18.88889,   0.57222,   1.15074,111434.34343,141957.89372,236312.01535,489704.25250
   0.60000,  50.00000,   0.47778,   1.74391,2066853.80680,2263226.90959,4383050.80381,8713131.52019
   0.46689,  10.00000,   0.10000,   0.15124,11516.72532,6272.66097,27591.24630,45380.63260
   0.20067,  18.88889,   0.38333,   0.84455,26307.14396,102083.78418,107587.32310,235978.25124
   0.00100,  10.00000,   0.38333,   0.35358,  16.03815,15147.37747,9781.59983,24945.01545
   0.00100,  50.00000,   0.66667,   1.79769,2004.76875,3002801.01715,1222699.97843,4227505.76433
   0.26722,  50.00000,   0.85556,   1.91954,690927.88996,3742375.12470,2310597.55454,6743900.56920
   0.13411,  45.55556,   0.28889,   1.38535,231606.25970,1152394.80007,1293400.74532,2677401.80510
   0.20067,  50.00000,   0.19444,   1.28536,487937.73054,1153848.07680,1995500.32315,3637286.13049
   0.00100,  27.77778,   0.85556,   1.57173, 343.75330,641696.84891,209653.68174,851694.28395
   0.40033,  23.33333,   0.10000,   0.56243,118456.38967,79685.99227,308531.45508,506673.83701
   0.06756,  36.66667,   0.76111,   1.70965,57047.27366,1330040.65159,573020.22210,1960108.14735
   0.40033,  32.22222,   0.10000,   0.78831,311956.97312,209854.45376,812522.98088,1334334.40776
   0.00100,  45.55556,   0.38333,   1.47223,1516.27662,1432061.32853,924770.69825,2358348.30340
   0.13411,  18.88889,   0.10000,   0.33003,16509.93778,42273.78435,92199.43302,150983.15515
   0.33378,  41.11111,   0.85556,   1.84727,509411.71450,2080247.04331,1476887.92817,4066546.68598
   0.60000,  14.44444,   0.76111,   1.07341,49831.26060,81311.62360,105674.11498,236816.99917
   0.00100,  14.44444,   0.19444,   0.32694,  48.33441,27818.95072,29478.95060,57346.23573
   0.13411,  23.33333,   0.85556,   1.47641,31121.19708,380336.03486,173795.73226,585252.96420
   0.60000,  36.66667,   0.95000,   1.84932,815106.12359,1621706.84584,1728545.84027,4165358.80970
   0.06756,  23.33333,   0.76111,   1.38665,14701.12783,342752.53460,147667.76735,505121.42979
   0.53344,  27.77778,   0.66667,   1.53153,298284.52077,514883.69990,668286.50247,1481454.72314
   0.46689,  18.88889,   0.19444,   0.63618,77615.47528,62209.67464,185947.62279,325772.77271
   0.20067,  23.33333,   0.28889,   0.88028,49588.90958,154848.60269,202801.87185,407239.38413
   0.53344,  50.00000,   0.85556,   1.93255,1739594.90761,3742375.12470,3897445.94704,9379415.97935
   0.00100,  32.22222,   0.57222,   1.44684, 536.56291,704703.79454,327247.44696,1032487.80441
   0.06756,  14.44444,   0.28889,   0.47121,3487.56742,36734.93272,35031.41393,75253.91407
   0.26722,  36.66667,   0.10000,   0.82061,272481.56218,309219.03816,911231.46188,1492932.06222
   0.53344,  36.66667,   0.28889,   1.33267,686044.87511,600885.23242,1537037.62082,2823967.72836
   0.33378,  32.22222,   0.66667,   1.61044,245277.49081,803679.54848,711109.21660,1760066.25588
   0.53344,  50.00000,   0.19444,   1.38106,1739594.90761,1153848.07680,3897445.94704,6790888.93145
   0.13411,  45.55556,   0.10000,   0.89554,231606.25970,593029.07184,1293400.74532,2118036.07686
   0.60000,  45.55556,   0.10000,   1.09890,1563233.72193,593029.07184,3315054.40729,5471317.20105
   0.46689,  27.77778,   0.85556,   1.64843,246843.45172,641696.84891,591376.30585,1479916.60649
   0.33378,  14.44444,   0.76111,   1.02955,22094.97156,81311.62360,64057.80598,167464.40114
   0.13411,  36.66667,   0.10000,   0.74129,120764.84655,309219.03816,674408.98503,1104392.86974
   0.06756,  41.11111,   0.95000,   1.86026,80407.78391,2285785.89752,807668.50434,3173862.18578
   0.00100,  41.11111,   0.19444,   1.01695,1114.37633,641381.20050,679653.41000,1322148.98683
   0.20067,  27.77778,   0.66667,   1.48481,83665.61174,514883.69990,342164.06071,940713.37235
   0.06756,  50.00000,   0.76111,   1.86237,144654.01661,3372566.47247,1452999.79124,4970220.28032
   0.60000,  45.55556,   0.95000,   1.93136,1563233.72193,3110155.54311,3315054.40729,7988443.67233
   0.13411,  41.11111,   0.85556,   1.82881,170217.31385,2080247.04331,950575.34664,3201039.70380
   0.60000,  14.44444,   0.10000,   0.32357,49831.26060,18904.01020,105674.11498,174409.38577
   0.53344,  18.88889,   0.76111,   1.30270,93790.19248,181831.79153,210130.64820,485752.63220
   0.26722,  23.33333,   0.76111,   1.43725,70218.71546,342752.53460,234825.07305,647796.32312
   0.40033,  50.00000,   0.66667,   1.84680,1165569.93139,3002801.01715,3035842.87802,7204213.82655
   0.20067,  36.66667,   0.47778,   1.50751,192428.23599,892549.87799,786966.41614,1871944.53012
   0.40033,  27.77778,   0.28889,   1.09096,199857.71796,261258.07522,520549.31526,981665.10845
   0.53344,  10.00000,   0.76111,   0.73652,13916.75926,26980.53178,31179.56758,72076.85862
   0.13411,  14.44444,   0.76111,   0.98301,7382.92152,81311.62360,41229.78458,129924.32969
   0.40033,  14.44444,   0.47778,   0.78378,28101.56132,54565.76055,73193.31299,155860.63487
   0.26722,  18.88889,   0.38333,   0.86607,37251.35059,102083.78418,124575.77820,263910.91297
   0.53344,  10.00000,   0.95000,   0.86258,13916.75926,32897.12464,31179.56758,77993.45148
   0.06756,  36.66667,   0.28889,   1.18963,57047.27366,600885.23242,573020.22210,1230952.72818
   0.33378,  27.77778,   0.28889,   1.07297,157138.97686,261258.07522,455577.77993,873974.83202
   0.46689,  36.66667,   0.28889,   1.31931,567732.05855,600885.23242,1360146.62393,2528763.91490
   0.13411,  10.00000,   0.66667,   0.60177,2449.77458,24022.40814,13680.71948,40152.90220
   0.60000,  10.00000,   0.28889,   0.36333,16534.83045,12189.25383,35064.40643,63788.49072
   0.06756,  36.66667,   0.66667,   1.64664,57047.27366,1184216.07225,573020.22210,1814283.56801
   0.06756,  18.88889,   0.10000,   0.30538,7799.01574,42273.78435,78338.42781,128411.22790
   0.26722,  10.00000,   0.47778,   0.47943,5527.42312,18105.81528,18484.78044,42118.01883
   0.46689,  36.66667,   0.38333,   1.44926,567732.05855,746709.81176,1360146.62393,2674588.49424
   0.13411,  32.22222,   0.76111,   1.64450,81958.21660,902644.79209,457694.09931,1442297.10799
   0.46689,  45.55556,   0.66667,   1.81178,1088812.69968,2271123.28642,2608527.90546,5968463.89156
   0.60000,  32.22222,   0.19444,   1.08347,553179.55626,308819.69737,1173094.14471,2035093.39835
   0.33378,  45.55556,   0.66667,   1.80057,693131.26366,2271123.28642,2009528.18080,4973782.73088
   0.46689,  45.55556,   0.28889,   1.46685,1088812.69968,1152394.80007,2608527.90546,4849735.40521
   0.33378,  23.33333,   0.57222,   1.28703,93136.83787,267590.32328,270022.59195,630749.75310
   0.06756,  27.77778,   0.28889,   0.96155,24803.50674,261258.07522,249142.68518,535204.26714
   0.33378,  32.22222,   0.95000,   1.77268,245277.49081,1100586.84067,711109.21660,2056973.54808
   0.60000,  23.33333,   0.57222,   1.32905,210053.49686,267590.32328,445447.63893,923091.45907
   0.00100,  18.88889,   0.66667,   1.09085, 108.08703,161895.90124,65921.82227,227925.81054
   0.06756,  41.11111,   0.10000,   0.76736,80407.78391,435842.34629,807668.50434,1323918.63454
   0.26722,  18.88889,   0.47778,   0.98398,37251.35059,122021.79170,124575.77820,283848.92050
   0.00100,  36.66667,   0.38333,   1.31180, 790.62161,746709.81176,482196.77485,1229697.20822
   0.40033,  27.77778,   0.38333,   1.22967,199857.71796,324660.94629,520549.31526,1045067.97951
   0.13411,  23.33333,   0.57222,   1.23391,31121.19708,267590.32328,173795.73226,472507.25262
   0.46689,  27.77778,   0.76111,   1.59220,246843.45172,578286.57097,591376.30585,1416506.32854
   0.00100,  23.33333,   0.38333,   0.93318, 203.74382,192427.71286,124262.49270,316893.94938
   0.40033,  41.11111,   0.28889,   1.38587,647896.94319,846944.06626,1687512.06400,3182353.07344
   0.06756,  36.66667,   0.57222,   1.56633,57047.27366,1038376.00602,573020.22210,1668443.50178
   0.06756,  32.22222,   0.95000,   1.73940,38715.67716,1100586.84067,388885.64693,1528188.16476
   0.60000,  36.66667,   0.38333,   1.47016,815106.12359,746709.81176,1728545.84027,3290361.77562
   0.26722,  23.33333,   0.47778,   1.16993,70218.71546,230010.81401,234825.07305,535054.60253
   0.60000,  23.33333,   0.47778,   1.23492,210053.49686,230010.81401,445447.63893,885511.94981
   0.46689,  23.33333,   0.66667,   1.39481,146305.00340,305173.42444,350510.86764,801989.29547
   0.26722,  27.77778,   0.19444,   0.86951,118471.88885,197847.79728,396193.09141,712512.77754
   0.00100,  36.66667,   0.95000,   1.79458, 790.62161,1621706.84584,482196.77485,2104694.24231
   0.46689,  14.44444,   0.38333,   0.69275,34708.12369,45649.87324,83152.14290,163510.13983
   0.60000,  10.00000,   0.85556,   0.80957,16534.83045,29939.00100,35064.40643,81538.23788
   0.26722,  14.44444,   0.38333,   0.64689,16658.07597,45649.87324,55707.85340,118015.80262
   0.20067,  18.88889,   0.85556,   1.31948,26307.14396,201770.01078,107587.32310,335664.47784
   0.20067,  36.66667,   0.28889,   1.24963,192428.23599,600885.23242,786966.41614,1580279.88455
   0.26722,  23.33333,   0.85556,   1.50447,70218.71546,380336.03486,234825.07305,685379.82337
   0.26722,  10.00000,   0.66667,   0.62726,5527.42312,24022.40814,18484.78044,48034.61169
   0.00100,  50.00000,   0.47778,   1.64758,2004.76875,2263226.90959,1222699.97843,3487931.65677
   0.46689,  14.44444,   0.19444,   0.44923,34708.12369,27818.95072,83152.14290,145679.21732
   0.26722,  36.66667,   0.76111,   1.73930,272481.56218,1330040.65159,911231.46188,2513753.67564
   0.20067,  10.00000,   0.19444,   0.21981,3903.50184,9230.78461,15964.00259,29098.28904
   0.20067,  36.66667,   0.95000,   1.82579,192428.23599,1621706.84584,786966.41614,2601101.49798
   0.20067,  36.66667,   0.66667,   1.67124,192428.23599,1184216.07225,786966.41614,2163610.72438
   0.46689,  50.00000,   0.28889,   1.52588,1439590.66495,1523656.72903,3448905.78798,6412153.18196
   0.06756,  10.00000,   0.28889,   0.28726,1157.23213,12189.25383,11623.99833,24970.48429
   0.46689,  14.44444,   0.47778,   0.79717,34708.12369,54565.76055,83152.14290,172426.02715
   0.46689,  32.22222,   0.66667,   1.62511,385296.78423,803679.54848,923076.49778,2112052.83049
   0.40033,  32.22222,   0.19444,   1.03152,311956.97312,308819.69737,812522.98088,1433299.65137
   0.46689,  41.11111,   0.66667,   1.76245,800214.87012,1669145.32334,1917118.36174,4386478.55520
   0.40033,  14.44444,   0.38333,   0.67888,28101.56132,45649.87324,73193.31299,146944.74756
   0.33378,  45.55556,   0.38333,   1.56938,693131.26366,1432061.32853,2009528.18080,4134720.77298
   0.53344,  32.22222,   0.38333,   1.36892,465590.90726,506761.74595,1043125.26240,2015477.91561
   0.46689,  14.44444,   0.85556,   1.12749,34708.12369,90227.60559,83152.14290,208087.87218
   0.06756,  18.88889,   0.66667,   1.11864,7799.01574,161895.90124,78338.42781,248033.34479
   0.20067,  18.88889,   0.47778,   0.96261,26307.14396,122021.79170,107587.32310,255916.25876
   0.20067,  27.77778,   0.76111,   1.55621,83665.61174,578286.57097,342164.06071,1004116.24342
   0.40033,  27.77778,   0.76111,   1.58499,199857.71796,578286.57097,520549.31526,1298693.60419
   0.26722,  23.33333,   0.38333,   1.05032,70218.71546,192427.71286,234825.07305,497471.50138
   0.40033,  50.00000,   0.85556,   1.92516,1165569.93139,3742375.12470,3035842.87802,7943787.93411
   0.60000,  50.00000,   0.19444,   1.39482,2066853.80680,1153848.07680,4383050.80381,7603752.68740
   0.40033,  32.22222,   0.85556,   1.73264,311956.97312,1001621.59706,812522.98088,2126101.55106
   0.53344,  45.55556,   0.57222,   1.75961,1315716.38649,1991427.05676,2947774.49366,6254917.93691
   0.20067,  14.44444,   0.38333,   0.62812,11764.04065,45649.87324,48110.94829,105524.86219
   0.60000,  27.77778,   0.10000,   0.74865,354398.88595,134444.92621,751552.10146,1240395.91362
   0.33378,  41.11111,   0.28889,   1.37162,509411.71450,846944.06626,1476887.92817,2833243.70893
   0.26722,  50.00000,   0.95000,   1.95027,690927.88996,4112140.58003,2310597.55454,7113666.02453
   0.00100,  32.22222,   0.76111,   1.60924, 536.56291,902644.79209,327247.44696,1230428.80196
   0.06756,  41.11111,   0.85556,   1.82048,80407.78391,2080247.04331,807668.50434,2968323.33156
   0.06756,  41.11111,   0.57222,   1.64003,80407.78391,1463584.64044,807668.50434,2351660.92870
   0.06756,  18.88889,   0.85556,   1.28123,7799.01574,201770.01078,78338.42781,287907.45433
   0.40033,  23.33333,   0.38333,   1.08446,118456.38967,192427.71286,308531.45508,619415.55761
   0.13411,  50.00000,   0.57222,   1.76127,306221.82264,2632996.29191,1710089.93517,4649308.04972
   0.33378,  23.33333,   0.76111,   1.44806,93136.83787,342752.53460,270022.59195,705911.96442
   0.53344,  32.22222,   0.76111,   1.69103,465590.90726,902644.79209,1043125.26240,2411360.96174
   0.46689,  50.00000,   0.10000,   1.11755,1439590.66495,784082.62147,3448905.78798,5672579.07441
   0.06756,  10.00000,   0.85556,   0.72090,1157.23213,29939.00100,11623.99833,42720.23146
   0.46689,  32.22222,   0.85556,   1.73782,385296.78423,1001621.59706,923076.49778,2309994.87907
   0.20067,  23.33333,   0.38333,   1.02743,49588.90958,192427.71286,202801.87185,444818.49430
   0.06756,  45.55556,   0.47778,   1.61471,109406.88501,1711757.55819,1098954.49023,2920118.93342
   0.13411,  18.88889,   0.28889,   0.68099,16509.93778,82147.89389,92199.43302,190857.26469
   0.20067,  27.77778,   0.85556,   1.61868,83665.61174,641696.84891,342164.06071,1067526.52136
   0.33378,  36.66667,   0.57222,   1.62000,361414.63015,1038376.00602,1047814.34965,2447604.98582
   0.33378,  14.44444,   0.95000,   1.17078,22094.97156,99142.54612,64057.80598,185295.32365
   0.20067,  14.44444,   0.85556,   1.07477,11764.04065,90227.60559,48110.94829,150102.59453
   0.13411,  10.00000,   0.19444,   0.21176,2449.77458,9230.78461,13680.71948,25361.27868
   0.60000,  27.77778,   0.76111,   1.60395,354398.88595,578286.57097,751552.10146,1684237.55838
   0.33378,  14.44444,   0.85556,   1.10461,22094.97156,90227.60559,64057.80598,176380.38313
   0.06756,  18.88889,   0.19444,   0.49247,7799.01574,62209.67464,78338.42781,148347.11819
   0.20067,  36.66667,   0.85556,   1.78202,192428.23599,1475882.26651,786966.41614,2455276.91864
   0.26722,  18.88889,   0.85556,   1.33186,37251.35059,201770.01078,124575.77820,363597.13957
   0.46689,  10.00000,   0.76111,   0.72724,11516.72532,26980.53178,27591.24630,66088.50340
   0.20067,  10.00000,   0.76111,   0.68428,3903.50184,26980.53178,15964.00259,46848.03621
   0.13411,  32.22222,   0.19444,   0.92134,81958.21660,308819.69737,457694.09931,848472.01327
   0.33378,  41.11111,   0.57222,   1.68602,509411.71450,1463584.64044,1476887.92817,3449884.28311
   0.60000,  27.77778,   0.38333,   1.26575,354398.88595,324660.94629,751552.10146,1430611.93370
   0.40033,  45.55556,   0.95000,   1.92417,881561.24832,3110155.54311,2296113.99983,6287830.79127
   0.53344,  14.44444,   0.47778,   0.81059,41941.14112,54565.76055,93966.31925,190473.22092
   0.53344,  36.66667,   0.10000,   0.92551,686044.87511,309219.03816,1537037.62082,2532301.53410
   0.53344,  50.00000,   0.95000,   1.96139,1739594.90761,4112140.58003,3897445.94704,9749181.43468
   0.33378,  32.22222,   0.19444,   1.01038,245277.49081,308819.69737,711109.21660,1265206.40477
   0.20067,  10.00000,   0.66667,   0.61471,3903.50184,24022.40814,15964.00259,43889.91257
   0.46689,  23.33333,   0.57222,   1.31066,146305.00340,267590.32328,350510.86764,764406.19432
   0.00100,  23.33333,   0.28889,   0.77732, 203.74382,154848.60269,124262.49270,279314.83921
   0.20067,  14.44444,   0.57222,   0.82910,11764.04065,63480.79576,48110.94829,123355.78470
   0.26722,  23.33333,   0.28889,   0.90722,70218.71546,154848.60269,234825.07305,459892.39121
   0.40033,  18.88889,   0.76111,   1.28270,62841.65798,181831.79153,163677.35190,408350.80141
   0.33378,  32.22222,   0.38333,   1.33186,245277.49081,506761.74595,711109.21660,1463148.45336
   0.60000,  18.88889,   0.76111,   1.31128,111434.34343,181831.79153,236312.01535,529578.15031
   0.53344,  41.11111,   0.57222,   1.70546,966976.06267,1463584.64044,2166445.14182,4597005.84493
   0.06756,  50.00000,   0.38333,   1.56465,144654.01661,1893422.18436,1452999.79124,3491075.99220
   0.20067,  23.33333,   0.47778,   1.14983,49588.90958,230010.81401,202801.87185,482401.59545
   0.40033,  10.00000,   0.47778,   0.50134,9324.55945,18105.81528,24286.74302,51717.11775
   0.33378,  23.33333,   0.66667,   1.37390,93136.83787,305173.42444,270022.59195,668332.85425
   0.53344,  41.11111,   0.10000,   1.00691,966976.06267,435842.34629,2166445.14182,3569263.55078
   0.13411,  27.77778,   0.47778,   1.27654,52507.18384,388070.55089,293225.36790,733803.10262
   0.46689,  23.33333,   0.85556,   1.52893,146305.00340,380336.03486,350510.86764,877151.90589
   0.20067,  41.11111,   0.76111,   1.79100,271226.42371,1874684.17755,1109224.35855,3255134.95981
   0.40033,  50.00000,   0.57222,   1.79096,1165569.93139,2632996.29191,3035842.87802,6834409.10132
   0.40033,  36.66667,   0.19444,   1.12862,459666.37090,455043.61750,1197246.80671,2111956.79511
   0.40033,  27.77778,   0.57222,   1.43779,199857.71796,451474.09531,520549.31526,1171881.12853
   0.06756,  36.66667,   0.10000,   0.68784,57047.27366,309219.03816,573020.22210,939286.53392
   0.40033,  10.00000,   0.76111,   0.71712,9324.55945,26980.53178,24286.74302,60591.83426
   0.60000,  36.66667,   0.57222,   1.64756,815106.12359,1038376.00602,1728545.84027,3582027.96988
   0.33378,  10.00000,   0.85556,   0.77194,7331.47434,29939.00100,21255.43180,58525.90714
   0.13411,  45.55556,   0.57222,   1.71513,231606.25970,1991427.05676,1293400.74532,3516434.06179
   0.60000,  32.22222,   0.28889,   1.24941,553179.55626,407796.50234,1173094.14471,2134070.20332
   0.00100,  27.77778,   0.95000,   1.63098, 343.75330,705099.71998,209653.68174,915097.15502
   0.40033,  32.22222,   0.38333,   1.34434,311956.97312,506761.74595,812522.98088,1631241.69995
   0.13411,  36.66667,   0.47778,   1.49097,120764.84655,892549.87799,674408.98503,1687723.70956
   0.53344,  27.77778,   0.47778,   1.36352,298284.52077,388070.55089,668286.50247,1354641.57413
   0.33378,  10.00000,   0.38333,   0.41124,7331.47434,15147.37747,21255.43180,43734.28362
   0.06756,  23.33333,   0.57222,   1.20909,14701.12783,267590.32328,147667.76735,429959.21846
   0.26722,  18.88889,   0.66667,   1.17769,37251.35059,161895.90124,124575.77820,323723.03003
   0.26722,  32.22222,   0.19444,   0.98505,184922.21478,308819.69737,618415.93524,1112157.84739
   0.53344,  23.33333,   0.95000,   1.58983,176794.31040,417915.14503,396095.81834,990805.27377
   0.40033,  50.00000,   0.38333,   1.63378,1165569.93139,1893422.18436,3035842.87802,6094834.99376
   0.53344,  45.55556,   0.10000,   1.07566,1315716.38649,593029.07184,2947774.49366,4856519.95199
   0.20067,  27.77778,   0.47778,   1.29720,83665.61174,388070.55089,342164.06071,813900.22333
   0.13411,  32.22222,   0.85556,   1.70196,81958.21660,1001621.59706,457694.09931,1541273.91297
   0.60000,  32.22222,   0.76111,   1.69795,553179.55626,902644.79209,1173094.14471,2628918.49307
   0.26722,  50.00000,   0.38333,   1.61291,690927.88996,1893422.18436,2310597.55454,4894947.62886
   0.60000,  41.11111,   0.10000,   1.02701,1148887.10439,435842.34629,2436374.80784,4021104.25851
   0.13411,  14.44444,   0.28889,   0.49161,7382.92152,36734.93272,41229.78458,85347.63881
   0.33378,  27.77778,   0.19444,   0.89364,157138.97686,197847.79728,455577.77993,810564.55407
   0.20067,  18.88889,   0.19444,   0.54910,26307.14396,62209.67464,107587.32310,196104.14170
   0.13411,  23.33333,   0.66667,   1.32706,31121.19708,305173.42444,173795.73226,510090.35378
   0.40033,  10.00000,   0.10000,   0.14438,9324.55945,6272.66097,24286.74302,39883.96345
   0.33378,  50.00000,   0.38333,   1.62414,916434.29309,1893422.18436,2656928.97491,5466785.45236
   0.00100,  10.00000,   0.47778,   0.42902,  16.03815,18105.81528,9781.59983,27903.45325
   0.00100,  41.11111,   0.85556,   1.80803,1114.37633,2080247.04331,679653.41000,2761014.82964
   0.26722,  41.11111,   0.28889,   1.35584,384061.09819,846944.06626,1284375.18179,2515380.34624
   0.00100,  10.00000,   0.10000,   0.10873,  16.03815,6272.66097,9781.59983,16070.29895
   0.06756,  41.11111,   0.66667,   1.71225,80407.78391,1669145.32334,807668.50434,2557221.61159
   0.20067,  50.00000,   0.66667,   1.82845,487937.73054,3002801.01715,1995500.32315,5486239.07083
   0.06756,  27.77778,   0.57222,   1.35637,24803.50674,451474.09531,249142.68518,725420.28723
   0.06756,  50.00000,   0.85556,   1.90367,144654.01661,3742375.12470,1452999.79124,5340028.93254
   0.33378,  36.66667,   0.95000,   1.83559,361414.63015,1621706.84584,1047814.34965,3030935.82565
   0.13411,  36.66667,   0.95000,   1.81885,120764.84655,1621706.84584,674408.98503,2416880.67742
   0.06756,  27.77778,   0.95000,   1.64712,24803.50674,705099.71998,249142.68518,979045.91190
   0.26722,  23.33333,   0.19444,   0.73171,70218.71546,117265.10244,234825.07305,422308.89095
   0.00100,  50.00000,   0.19444,   1.16613,2004.76875,1153848.07680,1222699.97843,2378552.82398
   0.00100,  41.11111,   0.38333,   1.39911,1114.37633,1052482.92047,679653.41000,1733250.70680
   0.40033,  41.11111,   0.66667,   1.75470,647896.94319,1669145.32334,1687512.06400,4004554.33052
   0.53344,  27.77778,   0.19444,   0.95257,298284.52077,197847.79728,668286.50247,1164418.82052
   0.13411,  45.55556,   0.95000,   1.90887,231606.25970,3110155.54311,1293400.74532,4635162.54814
   0.13411,  36.66667,   0.28889,   1.22402,120764.84655,600885.23242,674408.98503,1396059.06400
   0.00100,  32.22222,   0.38333,   1.20753, 536.56291,506761.74595,327247.44696,834545.75582
   0.20067,  27.77778,   0.57222,   1.39969,83665.61174,451474.09531,342164.06071,877303.76775
   0.40033,  18.88889,   0.47778,   1.01765,62841.65798,122021.79170,163677.35190,348540.80158
   0.46689,  36.66667,   0.10000,   0.90475,567732.05855,309219.03816,1360146.62393,2237097.72065
   0.06756,  18.88889,   0.76111,   1.20426,7799.01574,181831.79153,78338.42781,267969.23508
   0.00100,  32.22222,   0.85556,   1.67126, 536.56291,1001621.59706,327247.44696,1329405.60693
   0.06756,  23.33333,   0.47778,   1.09771,14701.12783,230010.81401,147667.76735,392379.70919
   0.60000,  32.22222,   0.66667,   1.63676,553179.55626,803679.54848,1173094.14471,2529953.24946
   0.20067,  18.88889,   0.57222,   1.06877,26307.14396,141957.89372,107587.32310,275852.36078
   0.46689,  27.77778,   0.10000,   0.70778,246843.45172,134444.92621,591376.30585,972664.68378
   0.13411,  45.55556,   0.47778,   1.63364,231606.25970,1711757.55819,1293400.74532,3236764.56321
   0.46689,  18.88889,   0.57222,   1.13006,77615.47528,141957.89372,185947.62279,405520.99179
   0.40033,  23.33333,   0.95000,   1.57799,118456.38967,417915.14503,308531.45508,844902.98977
   0.40033,  23.33333,   0.57222,   1.29928,118456.38967,267590.32328,308531.45508,694578.16803
   0.60000,  10.00000,   0.10000,   0.16528,16534.83045,6272.66097,35064.40643,57871.89786
   0.13411,  27.77778,   0.19444,   0.80512,52507.18384,197847.79728,293225.36790,543580.34901
   0.20067,  10.00000,   0.10000,   0.12505,3903.50184,6272.66097,15964.00259,26140.16540
   0.00100,  45.55556,   0.66667,   1.75233,1516.27662,2271123.28642,924770.69825,3197410.26129
   0.06756,  32.22222,   0.57222,   1.47313,38715.67716,704703.79454,388885.64693,1132305.11863
   0.40033,  23.33333,   0.85556,   1.52300,118456.38967,380336.03486,308531.45508,807323.87960
   0.60000,  50.00000,   0.76111,   1.90021,2066853.80680,3372566.47247,4383050.80381,9822471.08307
   0.13411,  14.44444,   0.47778,   0.71445,7382.92152,54565.76055,41229.78458,103178.46665
   0.26722,  14.44444,   0.28889,   0.52952,16658.07597,36734.93272,55707.85340,109100.86209
   0.60000,  27.77778,   0.47778,   1.37373,354398.88595,388070.55089,751552.10146,1494021.53830
   0.06756,  45.55556,   0.76111,   1.82368,109406.88501,2550789.81488,1098954.49023,3759151.19011
   0.13411,  41.11111,   0.38333,   1.45852,170217.31385,1052482.92047,950575.34664,2173275.58096
   0.33378,  27.77778,   0.47778,   1.33034,157138.97686,388070.55089,455577.77993,1000787.30768
   0.13411,  41.11111,   0.19444,   1.11313,170217.31385,641381.20050,950575.34664,1762173.86099
   0.46689,  45.55556,   0.85556,   1.89559,1088812.69968,2830489.01466,2608527.90546,6527829.61980
   0.26722,  36.66667,   0.28889,   1.27077,272481.56218,600885.23242,911231.46188,1784598.25648
   0.00100,  10.00000,   0.19444,   0.19514,  16.03815,9230.78461,9781.59983,19028.42259
   0.40033,  10.00000,   0.28889,   0.33558,9324.55945,12189.25383,24286.74302,45800.55631
   0.26722,  10.00000,   0.95000,   0.82329,5527.42312,32897.12464,18484.78044,56909.32820
   0.00100,  10.00000,   0.66667,   0.57114,  16.03815,24022.40814,9781.59983,33820.04611
   0.06756,  14.44444,   0.38333,   0.58555,3487.56742,45649.87324,35031.41393,84168.85459
   0.60000,  14.44444,   0.57222,   0.91361,49831.26060,63480.79576,105674.11498,218986.17133
   0.46689,  32.22222,   0.28889,   1.22308,385296.78423,407796.50234,923076.49778,1716169.78435
   0.06756,  50.00000,   0.19444,   1.21926,144654.01661,1153848.07680,1452999.79124,2751501.88465
   0.13411,  23.33333,   0.76111,   1.40847,31121.19708,342752.53460,173795.73226,547669.46395
   0.33378,  41.11111,   0.66667,   1.75065,509411.71450,1669145.32334,1476887.92817,3655444.96601
   0.20067,  23.33333,   0.76111,   1.42388,49588.90958,342752.53460,202801.87185,595143.31604
   0.26722,  10.00000,   0.28889,   0.31655,5527.42312,12189.25383,18484.78044,36201.45739
   0.06756,  36.66667,   0.19444,   0.98309,57047.27366,455043.61750,573020.22210,1085111.11326
   0.40033,  50.00000,   0.28889,   1.51534,1165569.93139,1523656.72903,3035842.87802,5725069.53844
   0.20067,  41.11111,   0.10000,   0.86502,271226.42371,435842.34629,1109224.35855,1816293.12855
   0.46689,  23.33333,   0.28889,   0.96396,146305.00340,154848.60269,350510.86764,651664.47373
   0.53344,  45.55556,   0.76111,   1.86149,1315716.38649,2550789.81488,2947774.49366,6814280.69503
   0.33378,  23.33333,   0.38333,   1.06854,93136.83787,192427.71286,270022.59195,555587.14268
   0.06756,  27.77778,   0.47778,   1.24788,24803.50674,388070.55089,249142.68518,662016.74281
   0.20067,  14.44444,   0.10000,   0.23306,11764.04065,18904.01020,48110.94829,78778.99914
   0.60000,  27.77778,   0.66667,   1.53748,354398.88595,514883.69990,751552.10146,1620834.68731
   0.33378,  14.44444,   0.38333,   0.66393,22094.97156,45649.87324,64057.80598,131802.65078
   0.60000,  41.11111,   0.66667,   1.77125,1148887.10439,1669145.32334,2436374.80784,5254407.23556
   0.26722,  14.44444,   0.19444,   0.39970,16658.07597,27818.95072,55707.85340,100184.88010
   0.26722,  10.00000,   0.85556,   0.75996,5527.42312,29939.00100,18484.78044,53951.20455
   0.46689,  36.66667,   0.85556,   1.80281,567732.05855,1475882.26651,1360146.62393,3403760.94899
   0.60000,  50.00000,   0.95000,   1.96112,2066853.80680,4112140.58003,4383050.80381,10562045.19063
   0.26722,  27.77778,   0.95000,   1.68012,118471.88885,705099.71998,396193.09141,1219764.70024
   0.06756,  27.77778,   0.10000,   0.50735,24803.50674,134444.92621,249142.68518,408391.11813
   0.60000,  18.88889,   0.85556,   1.37782,111434.34343,201770.01078,236312.01535,549516.36956
   0.06756,  14.44444,   0.57222,   0.78873,3487.56742,63480.79576,35031.41393,101999.77711
   0.60000,  23.33333,   0.38333,   1.12486,210053.49686,192427.71286,445447.63893,847928.84865
   0.60000,  45.55556,   0.19444,   1.33311,1563233.72193,872695.60029,3315054.40729,5750983.72951
   0.40033,  41.11111,   0.47778,   1.61459,647896.94319,1258043.60336,1687512.06400,3593452.61055
   0.26722,  50.00000,   0.57222,   1.77954,690927.88996,2632996.29191,2310597.55454,5634521.73642
   0.13411,  50.00000,   0.76111,   1.86963,306221.82264,3372566.47247,1710089.93517,5388878.23028
   0.46689,  10.00000,   0.38333,   0.43093,11516.72532,15147.37747,27591.24630,54255.34910
   0.33378,  23.33333,   0.10000,   0.53600,93136.83787,79685.99227,270022.59195,442845.42209
   0.53344,  45.55556,   0.66667,   1.81548,1315716.38649,2271123.28642,2947774.49366,6534614.16657
   0.60000,  10.00000,   0.38333,   0.44946,16534.83045,15147.37747,35064.40643,66746.61436
   0.00100,  27.77778,   0.66667,   1.42045, 343.75330,514883.69990,209653.68174,724881.13493
   0.00100,  27.77778,   0.47778,   1.21440, 343.75330,388070.55089,209653.68174,598067.98592
   0.33378,  27.77778,   0.95000,   1.68561,157138.97686,705099.71998,455577.77993,1317816.47678
   0.53344,  18.88889,   0.28889,   0.80474,93790.19248,82147.89389,210130.64820,386068.73456
   0.60000,  45.55556,   0.28889,   1.49159,1563233.72193,1152394.80007,3315054.40729,6030682.92929
   0.40033,  41.11111,   0.95000,   1.88712,647896.94319,2285785.89752,1687512.06400,4621194.90471
   0.20067,  14.44444,   0.66667,   0.91825,11764.04065,72396.68307,48110.94829,132271.67202
   0.60000,  50.00000,   0.38333,   1.66284,2066853.80680,1893422.18436,4383050.80381,8343326.79496
   0.33378,  50.00000,   0.95000,   1.95285,916434.29309,4112140.58003,2656928.97491,7685503.84803
   0.00100,  41.11111,   0.10000,   0.69927,1114.37633,435842.34629,679653.41000,1116610.13261
   0.20067,  50.00000,   0.85556,   1.91347,487937.73054,3742375.12470,1995500.32315,6225813.17839
   0.60000,  18.88889,   0.10000,   0.48212,111434.34343,42273.78435,236312.01535,390020.14313
   0.60000,  36.66667,   0.47778,   1.56804,815106.12359,892549.87799,1728545.84027,3436201.84185
   0.46689,  10.00000,   0.95000,   0.85351,11516.72532,32897.12464,27591.24630,72005.09626
   0.00100,  18.88889,   0.10000,   0.28047, 108.08703,42273.78435,65921.82227,108303.69365
   0.26722,  18.88889,   0.10000,   0.37917,37251.35059,42273.78435,124575.77820,204100.91314
   0.13411,  50.00000,   0.28889,   1.44845,306221.82264,1523656.72903,1710089.93517,3539968.48684
   0.13411,  14.44444,   0.57222,   0.80937,7382.92152,63480.79576,41229.78458,112093.50185
   0.46689,  41.11111,   0.85556,   1.85325,800214.87012,2080247.04331,1917118.36174,4797580.27517
   0.00100,  23.33333,   0.76111,   1.36255, 203.74382,342752.53460,124262.49270,467218.77112
   0.06756,  23.33333,   0.19444,   0.63383,14701.12783,117265.10244,147667.76735,279633.99762
   0.53344,  32.22222,   0.95000,   1.78396,465590.90726,1100586.84067,1043125.26240,2609303.01033
   0.33378,  45.55556,   0.85556,   1.88814,693131.26366,2830489.01466,2009528.18080,5533148.45911
   0.00100,  23.33333,   0.95000,   1.50337, 203.74382,417915.14503,124262.49270,542381.38155
   0.26722,  41.11111,   0.38333,   1.49176,384061.09819,1052482.92047,1284375.18179,2720919.20045
   0.33378,  27.77778,   0.66667,   1.50737,157138.97686,514883.69990,455577.77993,1127600.45669
   0.46689,  41.11111,   0.95000,   1.88997,800214.87012,2285785.89752,1917118.36174,5003119.12938
   0.13411,  10.00000,   0.85556,   0.73498,2449.77458,29939.00100,13680.71948,46069.49506
   0.13411,  50.00000,   0.10000,   0.96070,306221.82264,784082.62147,1710089.93517,2800394.37928
   0.46689,  27.77778,   0.47778,   1.35410,246843.45172,388070.55089,591376.30585,1226290.30846
   0.60000,  23.33333,   0.76111,   1.47983,210053.49686,342752.53460,445447.63893,998253.67040
   0.20067,  41.11111,   0.28889,   1.33631,271226.42371,846944.06626,1109224.35855,2227394.84852
   0.00100,  32.22222,   0.28889,   1.04012, 536.56291,407796.50234,327247.44696,735580.51221
   0.26722,  27.77778,   0.57222,   1.41445,118471.88885,451474.09531,396193.09141,966139.07557
   0.13411,  36.66667,   0.66667,   1.65943,120764.84655,1184216.07225,674408.98503,1979389.90382
   0.40033,  32.22222,   0.66667,   1.61808,311956.97312,803679.54848,812522.98088,1928159.50248
   0.33378,  45.55556,   0.57222,   1.74038,693131.26366,1991427.05676,2009528.18080,4694086.50122
   0.00100,  36.66667,   0.66667,   1.62554, 790.62161,1184216.07225,482196.77485,1667203.46871
   0.00100,  36.66667,   0.10000,   0.62576, 790.62161,309219.03816,482196.77485,792206.43463
   0.46689,  10.00000,   0.28889,   0.34572,11516.72532,12189.25383,27591.24630,51297.22546
   0.20067,  32.22222,   0.47778,   1.41416,130593.26033,605737.49989,534082.27503,1270413.03526
   0.33378,  36.66667,   0.85556,   1.79468,361414.63015,1475882.26651,1047814.34965,2885111.24631
   0.46689,  41.11111,   0.28889,   1.39946,800214.87012,846944.06626,1917118.36174,3564277.29812
   0.46689,  41.11111,   0.10000,   0.98499,800214.87012,435842.34629,1917118.36174,3153175.57815
   0.06756,  10.00000,   0.76111,   0.65602,1157.23213,26980.53178,11623.99833,39761.76224
   0.60000,  45.55556,   0.85556,   1.90088,1563233.72193,2830489.01466,3315054.40729,7708777.14387
   0.53344,  18.88889,   0.47778,   1.04404,93790.19248,122021.79170,210130.64820,425942.63238
   0.46689,  18.88889,   0.95000,   1.42463,77615.47528,221705.90107,185947.62279,485268.99914
   0.60000,  23.33333,   0.95000,   1.59570,210053.49686,417915.14503,445447.63893,1073416.28082
   0.46689,  50.00000,   0.19444,   1.36499,1439590.66495,1153848.07680,3448905.78798,6042344.52973
   0.13411,  27.77778,   0.57222,   1.37905,52507.18384,451474.09531,293225.36790,797206.64704
   0.53344,  41.11111,   0.38333,   1.53569,966976.06267,1052482.92047,2166445.14182,4185904.12496
   0.53344,  10.00000,   0.38333,   0.43983,13916.75926,15147.37747,31179.56758,60243.70431
   0.53344,  23.33333,   0.57222,   1.31975,176794.31040,267590.32328,396095.81834,840480.45202
   0.00100,  27.77778,   0.19444,   0.71799, 343.75330,197847.79728,209653.68174,407845.23231
   0.53344,  10.00000,   0.10000,   0.15804,13916.75926,6272.66097,31179.56758,51368.98781
   0.53344,  14.44444,   0.57222,   0.90275,41941.14112,63480.79576,93966.31925,199388.25612
   0.60000,  14.44444,   0.66667,   0.99720,49831.26060,72396.68307,105674.11498,227902.05865
   0.46689,  45.55556,   0.38333,   1.59044,1088812.69968,1432061.32853,2608527.90546,5129401.93367
   0.06756,  32.22222,   0.38333,   1.24391,38715.67716,506761.74595,388885.64693,934363.07004
   0.00100,  10.00000,   0.95000,   0.76632,  16.03815,32897.12464,9781.59983,42694.76262
   0.33378,  36.66667,   0.28889,   1.29034,361414.63015,600885.23242,1047814.34965,2010114.21223
   0.46689,  10.00000,   0.19444,   0.25336,11516.72532,9230.78461,27591.24630,48338.75624
   0.40033,  32.22222,   0.47778,   1.45381,311956.97312,605737.49989,812522.98088,1730217.45389
   0.60000,  10.00000,   0.47778,   0.52968,16534.83045,18105.81528,35064.40643,69705.05216
   0.26722,  27.77778,   0.85556,   1.62950,118471.88885,641696.84891,396193.09141,1156361.82917
   0.53344,  18.88889,   0.57222,   1.14071,93790.19248,141957.89372,210130.64820,445878.73439
   0.40033,  18.88889,   0.95000,   1.41665,62841.65798,221705.90107,163677.35190,448224.91095
   0.06756,  10.00000,   0.95000,   0.78282,1157.23213,32897.12464,11623.99833,45678.35510
   0.26722,  32.22222,   0.95000,   1.76543,184922.21478,1100586.84067,618415.93524,1903924.99069
   0.13411,  27.77778,   0.38333,   1.14938,52507.18384,324660.94629,293225.36790,670393.49803
   0.46689,  50.00000,   0.66667,   1.85081,1439590.66495,3002801.01715,3448905.78798,7891297.47008
   0.46689,  50.00000,   0.47778,   1.73144,1439590.66495,2263226.90959,3448905.78798,7151723.36252
   0.53344,  36.66667,   0.19444,   1.16499,686044.87511,455043.61750,1537037.62082,2678126.11344
   0.13411,  45.55556,   0.38333,   1.52632,231606.25970,1432061.32853,1293400.74532,2957068.33355
   0.40033,  45.55556,   0.28889,   1.45544,881561.24832,1152394.80007,2296113.99983,4330070.04823
   0.33378,  45.55556,   0.47778,   1.66630,693131.26366,1711757.55819,2009528.18080,4414417.00264
   0.60000,  14.44444,   0.28889,   0.60721,49831.26060,36734.93272,105674.11498,192240.30829
   0.13411,  45.55556,   0.85556,   1.87343,231606.25970,2830489.01466,1293400.74532,4355496.01968
   0.26722,  50.00000,   0.47778,   1.70773,690927.88996,2263226.90959,2310597.55454,5264752.35410
   0.06756,  32.22222,   0.66667,   1.55799,38715.67716,803679.54848,388885.64693,1231280.87257
   0.26722,  45.55556,   0.85556,   1.88360,522572.89483,2830489.01466,1747585.63145,5100647.54094
   0.13411,  23.33333,   0.47778,   1.12647,31121.19708,230010.81401,173795.73226,434927.74336
   0.53344,  18.88889,   0.66667,   1.22619,93790.19248,161895.90124,210130.64820,465816.74191
   0.40033,  45.55556,   0.66667,   1.80749,881561.24832,2271123.28642,2296113.99983,5448798.53458
   0.53344,  23.33333,   0.47778,   1.22516,176794.31040,230010.81401,396095.81834,802900.94275
   0.06756,  32.22222,   0.47778,   1.37043,38715.67716,605737.49989,388885.64693,1033338.82398
   0.33378,  27.77778,   0.76111,   1.57700,157138.97686,578286.57097,455577.77993,1191003.32776
   0.06756,  41.11111,   0.19444,   1.07172,80407.78391,641381.20050,807668.50434,1529457.48875
   0.26722,  23.33333,   0.57222,   1.27121,70218.71546,267590.32328,234825.07305,572634.11180
   0.00100,  23.33333,   0.57222,   1.17946, 203.74382,267590.32328,124262.49270,392056.55980
   0.20067,  32.22222,   0.10000,   0.69306,130593.26033,209854.45376,534082.27503,874529.98912
   0.00100,  41.11111,   0.66667,   1.69448,1114.37633,1669145.32334,679653.41000,2349913.10966
   0.20067,  36.66667,   0.19444,   1.05893,192428.23599,455043.61750,786966.41614,1434438.26963
   0.26722,  45.55556,   0.38333,   1.55664,522572.89483,1432061.32853,1747585.63145,3702219.85481
   0.26722,  27.77778,   0.28889,   1.05171,118471.88885,261258.07522,396193.09141,775923.05548
   0.26722,  14.44444,   0.66667,   0.93637,16658.07597,72396.68307,55707.85340,144762.61245
   0.53344,  32.22222,   0.28889,   1.23674,465590.90726,407796.50234,1043125.26240,1916512.67199
   0.40033,  50.00000,   0.19444,   1.34717,1165569.93139,1153848.07680,3035842.87802,5355260.88621
   0.20067,  27.77778,   0.10000,   0.59068,83665.61174,134444.92621,342164.06071,560274.59866
   0.13411,  14.44444,   0.10000,   0.21820,7382.92152,18904.01020,41229.78458,67516.71629
   0.40033,  36.66667,   0.95000,   1.83916,459666.37090,1621706.84584,1197246.80671,3278620.02345
   0.20067,  32.22222,   0.85556,   1.71261,130593.26033,1001621.59706,534082.27503,1666297.13242
   0.26722,  23.33333,   0.10000,   0.50716,70218.71546,79685.99227,234825.07305,384729.78078
   0.46689,  18.88889,   0.28889,   0.78984,77615.47528,82147.89389,185947.62279,345710.99196
   0.33378,  41.11111,   0.38333,   1.50400,509411.71450,1052482.92047,1476887.92817,3038782.56314
   0.13411,  23.33333,   0.10000,   0.44342,31121.19708,79685.99227,173795.73226,284602.92161
   0.20067,  10.00000,   0.57222,   0.54338,3903.50184,21063.97034,15964.00259,40931.47476
   0.00100,  23.33333,   0.19444,   0.59519, 203.74382,117265.10244,124262.49270,241731.33896
   0.00100,  41.11111,   0.28889,   1.23725,1114.37633,846944.06626,679653.41000,1527711.85259
   0.53344,  23.33333,   0.19444,   0.81825,176794.31040,117265.10244,396095.81834,690155.23118
   0.33378,  32.22222,   0.47778,   1.44335,245277.49081,605737.49989,711109.21660,1562124.20730
   0.46689,  14.44444,   0.66667,   0.97581,34708.12369,72396.68307,83152.14290,190256.94966
   0.20067,  32.22222,   0.38333,   1.29684,130593.26033,506761.74595,534082.27503,1171437.28132
   0.46689,  41.11111,   0.47778,   1.62279,800214.87012,1258043.60336,1917118.36174,3975376.83522
   0.20067,  45.55556,   0.85556,   1.87996,369044.34753,2830489.01466,1509266.59012,4708799.95231
   0.60000,  23.33333,   0.85556,   1.54109,210053.49686,380336.03486,445447.63893,1035837.17065
   0.13411,  18.88889,   0.76111,   1.22622,16509.93778,181831.79153,92199.43302,290541.16233
   0.13411,  36.66667,   0.19444,   1.02454,120764.84655,455043.61750,674408.98503,1250217.44908
   0.46689,  14.44444,   0.76111,   1.05453,34708.12369,81311.62360,83152.14290,199171.89019
   0.13411,  45.55556,   0.66667,   1.77915,231606.25970,2271123.28642,1293400.74532,3796130.29145
   0.20067,  41.11111,   0.57222,   1.66663,271226.42371,1463584.64044,1109224.35855,2844035.42271
   0.26722,  45.55556,   0.28889,   1.42613,522572.89483,1152394.80007,1747585.63145,3422553.32635
   0.13411,  45.55556,   0.19444,   1.19013,231606.25970,872695.60029,1293400.74532,2397702.60532
   0.46689,  41.11111,   0.57222,   1.70009,800214.87012,1463584.64044,1917118.36174,4180917.87230
   0.00100,  27.77778,   0.57222,   1.32612, 343.75330,451474.09531,209653.68174,661471.53034
   0.20067,  45.55556,   0.19444,   1.21787,369044.34753,872695.60029,1509266.59012,2751006.53795
   0.46689,  27.77778,   0.57222,   1.44679,246843.45172,451474.09531,591376.30585,1289693.85288
   0.60000,  50.00000,   0.66667,   1.86000,2066853.80680,3002801.01715,4383050.80381,9452705.62775
   0.00100,  45.55556,   0.95000,   1.89356,1516.27662,3110155.54311,924770.69825,4036442.51799
   0.60000,  32.22222,   0.95000,   1.78641,553179.55626,1100586.84067,1173094.14471,2826860.54165
   0.40033,  23.33333,   0.28889,   0.94675,118456.38967,154848.60269,308531.45508,581836.44744
   0.33378,  10.00000,   0.28889,   0.32686,7331.47434,12189.25383,21255.43180,40776.15998
   0.40033,  10.00000,   0.38333,   0.42097,9324.55945,15147.37747,24286.74302,48758.67995
   0.60000,  36.66667,   0.66667,   1.71172,815106.12359,1184216.07225,1728545.84027,3727868.03611
   0.46689,  23.33333,   0.95000,   1.58537,146305.00340,417915.14503,350510.86764,914731.01606
   0.06756,  18.88889,   0.57222,   1.02178,7799.01574,141957.89372,78338.42781,228095.33726
   0.60000,  36.66667,   0.10000,   0.94617,815106.12359,309219.03816,1728545.84027,2852871.00202
   0.46689,  32.22222,   0.19444,   1.05067,385296.78423,308819.69737,923076.49778,1617192.97938
   0.26722,  14.44444,   0.95000,   1.15658,16658.07597,99142.54612,55707.85340,171508.47549
   0.00100,  23.33333,   0.10000,   0.37239, 203.74382,79685.99227,124262.49270,204152.22879
   0.40033,  32.22222,   0.57222,   1.54478,311956.97312,704703.79454,812522.98088,1829183.74854
   0.53344,  50.00000,   0.47778,   1.73632,1739594.90761,2263226.90959,3897445.94704,7900267.76424
   0.46689,  45.55556,   0.76111,   1.85735,1088812.69968,2550789.81488,2608527.90546,6248130.42002
   0.13411,  18.88889,   0.85556,   1.30186,16509.93778,201770.01078,92199.43302,310479.38158
   0.26722,  32.22222,   0.85556,   1.71945,184922.21478,1001621.59706,618415.93524,1804959.74708
   0.33378,  50.00000,   0.57222,   1.78512,916434.29309,2632996.29191,2656928.97491,6206359.55991
